state,action,next_state,probability,count
front=near|left=too_close|right=near|back=near,Move-Forward,front=near|left=too_close|right=near|back=near,1.0,0
front=near|left=too_close|right=near|back=near,Slight-Right-Turn,front=near|left=too_close|right=near|back=near,1.0,0
front=near|left=too_close|right=near|back=near,Sharp-Right-Turn,front=near|left=too_close|right=near|back=near,1.0,0
front=near|left=too_close|right=near|back=near,Slight-Left-Turn,front=near|left=too_close|right=near|back=near,1.0,0
front=near|left=too_close|right=near|back=far,Move-Forward,front=near|left=too_close|right=near|back=far,0.703704,0
front=near|left=too_close|right=near|back=far,Move-Forward,front=near|left=too_close|right=far|back=far,0.296296,0
front=near|left=too_close|right=near|back=far,Slight-Right-Turn,front=near|left=too_close|right=near|back=far,0.703704,0
front=near|left=too_close|right=near|back=far,Slight-Right-Turn,front=near|left=too_close|right=far|back=far,0.296296,0
front=near|left=too_close|right=near|back=far,Sharp-Right-Turn,front=near|left=too_close|right=near|back=far,0.703704,19
front=near|left=too_close|right=near|back=far,Sharp-Right-Turn,front=near|left=too_close|right=far|back=far,0.296296,8
front=near|left=too_close|right=near|back=far,Slight-Left-Turn,front=near|left=too_close|right=near|back=far,0.703704,0
front=near|left=too_close|right=near|back=far,Slight-Left-Turn,front=near|left=too_close|right=far|back=far,0.296296,0
front=near|left=too_close|right=mid|back=near,Move-Forward,front=near|left=too_close|right=mid|back=near,0.790323,0
front=near|left=too_close|right=mid|back=near,Move-Forward,front=near|left=too_close|right=mid|back=far,0.008065,0
front=near|left=too_close|right=mid|back=near,Move-Forward,front=near|left=too_close|right=far|back=near,0.056452,0
front=near|left=too_close|right=mid|back=near,Move-Forward,front=near|left=too_close|right=far|back=far,0.008065,0
front=near|left=too_close|right=mid|back=near,Move-Forward,front=near|left=ideal|right=mid|back=near,0.032258,0
front=near|left=too_close|right=mid|back=near,Move-Forward,front=near|left=far|right=mid|back=near,0.024194,0
front=near|left=too_close|right=mid|back=near,Move-Forward,front=mid|left=too_close|right=mid|back=near,0.032258,0
front=near|left=too_close|right=mid|back=near,Move-Forward,front=far|left=too_close|right=mid|back=near,0.040323,0
front=near|left=too_close|right=mid|back=near,Move-Forward,front=far|left=ideal|right=mid|back=near,0.008065,0
front=near|left=too_close|right=mid|back=near,Slight-Right-Turn,front=near|left=too_close|right=mid|back=near,0.790323,0
front=near|left=too_close|right=mid|back=near,Slight-Right-Turn,front=near|left=too_close|right=mid|back=far,0.008065,0
front=near|left=too_close|right=mid|back=near,Slight-Right-Turn,front=near|left=too_close|right=far|back=near,0.056452,0
front=near|left=too_close|right=mid|back=near,Slight-Right-Turn,front=near|left=too_close|right=far|back=far,0.008065,0
front=near|left=too_close|right=mid|back=near,Slight-Right-Turn,front=near|left=ideal|right=mid|back=near,0.032258,0
front=near|left=too_close|right=mid|back=near,Slight-Right-Turn,front=near|left=far|right=mid|back=near,0.024194,0
front=near|left=too_close|right=mid|back=near,Slight-Right-Turn,front=mid|left=too_close|right=mid|back=near,0.032258,0
front=near|left=too_close|right=mid|back=near,Slight-Right-Turn,front=far|left=too_close|right=mid|back=near,0.040323,0
front=near|left=too_close|right=mid|back=near,Slight-Right-Turn,front=far|left=ideal|right=mid|back=near,0.008065,0
front=near|left=too_close|right=mid|back=near,Sharp-Right-Turn,front=near|left=too_close|right=mid|back=near,0.790323,98
front=near|left=too_close|right=mid|back=near,Sharp-Right-Turn,front=near|left=too_close|right=mid|back=far,0.008065,1
front=near|left=too_close|right=mid|back=near,Sharp-Right-Turn,front=near|left=too_close|right=far|back=near,0.056452,7
front=near|left=too_close|right=mid|back=near,Sharp-Right-Turn,front=near|left=too_close|right=far|back=far,0.008065,1
front=near|left=too_close|right=mid|back=near,Sharp-Right-Turn,front=near|left=ideal|right=mid|back=near,0.032258,4
front=near|left=too_close|right=mid|back=near,Sharp-Right-Turn,front=near|left=far|right=mid|back=near,0.024194,3
front=near|left=too_close|right=mid|back=near,Sharp-Right-Turn,front=mid|left=too_close|right=mid|back=near,0.032258,4
front=near|left=too_close|right=mid|back=near,Sharp-Right-Turn,front=far|left=too_close|right=mid|back=near,0.040323,5
front=near|left=too_close|right=mid|back=near,Sharp-Right-Turn,front=far|left=ideal|right=mid|back=near,0.008065,1
front=near|left=too_close|right=mid|back=near,Slight-Left-Turn,front=near|left=too_close|right=mid|back=near,0.790323,0
front=near|left=too_close|right=mid|back=near,Slight-Left-Turn,front=near|left=too_close|right=mid|back=far,0.008065,0
front=near|left=too_close|right=mid|back=near,Slight-Left-Turn,front=near|left=too_close|right=far|back=near,0.056452,0
front=near|left=too_close|right=mid|back=near,Slight-Left-Turn,front=near|left=too_close|right=far|back=far,0.008065,0
front=near|left=too_close|right=mid|back=near,Slight-Left-Turn,front=near|left=ideal|right=mid|back=near,0.032258,0
front=near|left=too_close|right=mid|back=near,Slight-Left-Turn,front=near|left=far|right=mid|back=near,0.024194,0
front=near|left=too_close|right=mid|back=near,Slight-Left-Turn,front=mid|left=too_close|right=mid|back=near,0.032258,0
front=near|left=too_close|right=mid|back=near,Slight-Left-Turn,front=far|left=too_close|right=mid|back=near,0.040323,0
front=near|left=too_close|right=mid|back=near,Slight-Left-Turn,front=far|left=ideal|right=mid|back=near,0.008065,0
front=near|left=too_close|right=mid|back=far,Move-Forward,front=near|left=too_close|right=mid|back=near,0.015625,0
front=near|left=too_close|right=mid|back=far,Move-Forward,front=near|left=too_close|right=mid|back=far,0.773438,0
front=near|left=too_close|right=mid|back=far,Move-Forward,front=near|left=too_close|right=far|back=near,0.007812,0
front=near|left=too_close|right=mid|back=far,Move-Forward,front=near|left=too_close|right=far|back=far,0.085938,0
front=near|left=too_close|right=mid|back=far,Move-Forward,front=mid|left=too_close|right=mid|back=far,0.046875,0
front=near|left=too_close|right=mid|back=far,Move-Forward,front=mid|left=too_close|right=far|back=far,0.007812,0
front=near|left=too_close|right=mid|back=far,Move-Forward,front=far|left=too_close|right=mid|back=far,0.0625,0
front=near|left=too_close|right=mid|back=far,Slight-Right-Turn,front=near|left=too_close|right=mid|back=near,0.015625,0
front=near|left=too_close|right=mid|back=far,Slight-Right-Turn,front=near|left=too_close|right=mid|back=far,0.773438,0
front=near|left=too_close|right=mid|back=far,Slight-Right-Turn,front=near|left=too_close|right=far|back=near,0.007812,0
front=near|left=too_close|right=mid|back=far,Slight-Right-Turn,front=near|left=too_close|right=far|back=far,0.085938,0
front=near|left=too_close|right=mid|back=far,Slight-Right-Turn,front=mid|left=too_close|right=mid|back=far,0.046875,0
front=near|left=too_close|right=mid|back=far,Slight-Right-Turn,front=mid|left=too_close|right=far|back=far,0.007812,0
front=near|left=too_close|right=mid|back=far,Slight-Right-Turn,front=far|left=too_close|right=mid|back=far,0.0625,0
front=near|left=too_close|right=mid|back=far,Sharp-Right-Turn,front=near|left=too_close|right=mid|back=near,0.015625,2
front=near|left=too_close|right=mid|back=far,Sharp-Right-Turn,front=near|left=too_close|right=mid|back=far,0.773438,99
front=near|left=too_close|right=mid|back=far,Sharp-Right-Turn,front=near|left=too_close|right=far|back=near,0.007812,1
front=near|left=too_close|right=mid|back=far,Sharp-Right-Turn,front=near|left=too_close|right=far|back=far,0.085938,11
front=near|left=too_close|right=mid|back=far,Sharp-Right-Turn,front=mid|left=too_close|right=mid|back=far,0.046875,6
front=near|left=too_close|right=mid|back=far,Sharp-Right-Turn,front=mid|left=too_close|right=far|back=far,0.007812,1
front=near|left=too_close|right=mid|back=far,Sharp-Right-Turn,front=far|left=too_close|right=mid|back=far,0.0625,8
front=near|left=too_close|right=mid|back=far,Slight-Left-Turn,front=near|left=too_close|right=mid|back=near,0.015625,0
front=near|left=too_close|right=mid|back=far,Slight-Left-Turn,front=near|left=too_close|right=mid|back=far,0.773438,0
front=near|left=too_close|right=mid|back=far,Slight-Left-Turn,front=near|left=too_close|right=far|back=near,0.007812,0
front=near|left=too_close|right=mid|back=far,Slight-Left-Turn,front=near|left=too_close|right=far|back=far,0.085938,0
front=near|left=too_close|right=mid|back=far,Slight-Left-Turn,front=mid|left=too_close|right=mid|back=far,0.046875,0
front=near|left=too_close|right=mid|back=far,Slight-Left-Turn,front=mid|left=too_close|right=far|back=far,0.007812,0
front=near|left=too_close|right=mid|back=far,Slight-Left-Turn,front=far|left=too_close|right=mid|back=far,0.0625,0
front=near|left=too_close|right=far|back=near,Move-Forward,front=near|left=too_close|right=mid|back=near,0.149254,0
front=near|left=too_close|right=far|back=near,Move-Forward,front=near|left=too_close|right=far|back=near,0.701493,0
front=near|left=too_close|right=far|back=near,Move-Forward,front=near|left=ideal|right=far|back=near,0.104478,0
front=near|left=too_close|right=far|back=near,Move-Forward,front=far|left=too_close|right=far|back=near,0.044776,0
front=near|left=too_close|right=far|back=near,Slight-Right-Turn,front=near|left=too_close|right=mid|back=near,0.149254,0
front=near|left=too_close|right=far|back=near,Slight-Right-Turn,front=near|left=too_close|right=far|back=near,0.701493,0
front=near|left=too_close|right=far|back=near,Slight-Right-Turn,front=near|left=ideal|right=far|back=near,0.104478,0
front=near|left=too_close|right=far|back=near,Slight-Right-Turn,front=far|left=too_close|right=far|back=near,0.044776,0
front=near|left=too_close|right=far|back=near,Sharp-Right-Turn,front=near|left=too_close|right=mid|back=near,0.149254,10
front=near|left=too_close|right=far|back=near,Sharp-Right-Turn,front=near|left=too_close|right=far|back=near,0.701493,47
front=near|left=too_close|right=far|back=near,Sharp-Right-Turn,front=near|left=ideal|right=far|back=near,0.104478,7
front=near|left=too_close|right=far|back=near,Sharp-Right-Turn,front=far|left=too_close|right=far|back=near,0.044776,3
front=near|left=too_close|right=far|back=near,Slight-Left-Turn,front=near|left=too_close|right=mid|back=near,0.149254,0
front=near|left=too_close|right=far|back=near,Slight-Left-Turn,front=near|left=too_close|right=far|back=near,0.701493,0
front=near|left=too_close|right=far|back=near,Slight-Left-Turn,front=near|left=ideal|right=far|back=near,0.104478,0
front=near|left=too_close|right=far|back=near,Slight-Left-Turn,front=far|left=too_close|right=far|back=near,0.044776,0
front=near|left=too_close|right=far|back=far,Move-Forward,front=near|left=too_close|right=near|back=far,0.039216,0
front=near|left=too_close|right=far|back=far,Move-Forward,front=near|left=too_close|right=mid|back=near,0.013072,0
front=near|left=too_close|right=far|back=far,Move-Forward,front=near|left=too_close|right=mid|back=far,0.104575,0
front=near|left=too_close|right=far|back=far,Move-Forward,front=near|left=too_close|right=far|back=near,0.013072,0
front=near|left=too_close|right=far|back=far,Move-Forward,front=near|left=too_close|right=far|back=far,0.784314,0
front=near|left=too_close|right=far|back=far,Move-Forward,front=near|left=ideal|right=far|back=far,0.006536,0
front=near|left=too_close|right=far|back=far,Move-Forward,front=mid|left=too_close|right=mid|back=far,0.006536,0
front=near|left=too_close|right=far|back=far,Move-Forward,front=mid|left=too_close|right=far|back=far,0.026144,0
front=near|left=too_close|right=far|back=far,Move-Forward,front=far|left=too_close|right=mid|back=far,0.006536,0
front=near|left=too_close|right=far|back=far,Slight-Right-Turn,front=near|left=too_close|right=near|back=far,0.039216,0
front=near|left=too_close|right=far|back=far,Slight-Right-Turn,front=near|left=too_close|right=mid|back=near,0.013072,0
front=near|left=too_close|right=far|back=far,Slight-Right-Turn,front=near|left=too_close|right=mid|back=far,0.104575,0
front=near|left=too_close|right=far|back=far,Slight-Right-Turn,front=near|left=too_close|right=far|back=near,0.013072,0
front=near|left=too_close|right=far|back=far,Slight-Right-Turn,front=near|left=too_close|right=far|back=far,0.784314,0
front=near|left=too_close|right=far|back=far,Slight-Right-Turn,front=near|left=ideal|right=far|back=far,0.006536,0
front=near|left=too_close|right=far|back=far,Slight-Right-Turn,front=mid|left=too_close|right=mid|back=far,0.006536,0
front=near|left=too_close|right=far|back=far,Slight-Right-Turn,front=mid|left=too_close|right=far|back=far,0.026144,0
front=near|left=too_close|right=far|back=far,Slight-Right-Turn,front=far|left=too_close|right=mid|back=far,0.006536,0
front=near|left=too_close|right=far|back=far,Sharp-Right-Turn,front=near|left=too_close|right=near|back=far,0.039216,6
front=near|left=too_close|right=far|back=far,Sharp-Right-Turn,front=near|left=too_close|right=mid|back=near,0.013072,2
front=near|left=too_close|right=far|back=far,Sharp-Right-Turn,front=near|left=too_close|right=mid|back=far,0.104575,16
front=near|left=too_close|right=far|back=far,Sharp-Right-Turn,front=near|left=too_close|right=far|back=near,0.013072,2
front=near|left=too_close|right=far|back=far,Sharp-Right-Turn,front=near|left=too_close|right=far|back=far,0.784314,120
front=near|left=too_close|right=far|back=far,Sharp-Right-Turn,front=near|left=ideal|right=far|back=far,0.006536,1
front=near|left=too_close|right=far|back=far,Sharp-Right-Turn,front=mid|left=too_close|right=mid|back=far,0.006536,1
front=near|left=too_close|right=far|back=far,Sharp-Right-Turn,front=mid|left=too_close|right=far|back=far,0.026144,4
front=near|left=too_close|right=far|back=far,Sharp-Right-Turn,front=far|left=too_close|right=mid|back=far,0.006536,1
front=near|left=too_close|right=far|back=far,Slight-Left-Turn,front=near|left=too_close|right=near|back=far,0.039216,0
front=near|left=too_close|right=far|back=far,Slight-Left-Turn,front=near|left=too_close|right=mid|back=near,0.013072,0
front=near|left=too_close|right=far|back=far,Slight-Left-Turn,front=near|left=too_close|right=mid|back=far,0.104575,0
front=near|left=too_close|right=far|back=far,Slight-Left-Turn,front=near|left=too_close|right=far|back=near,0.013072,0
front=near|left=too_close|right=far|back=far,Slight-Left-Turn,front=near|left=too_close|right=far|back=far,0.784314,0
front=near|left=too_close|right=far|back=far,Slight-Left-Turn,front=near|left=ideal|right=far|back=far,0.006536,0
front=near|left=too_close|right=far|back=far,Slight-Left-Turn,front=mid|left=too_close|right=mid|back=far,0.006536,0
front=near|left=too_close|right=far|back=far,Slight-Left-Turn,front=mid|left=too_close|right=far|back=far,0.026144,0
front=near|left=too_close|right=far|back=far,Slight-Left-Turn,front=far|left=too_close|right=mid|back=far,0.006536,0
front=near|left=ideal|right=near|back=near,Move-Forward,front=near|left=ideal|right=near|back=near,1.0,0
front=near|left=ideal|right=near|back=near,Slight-Right-Turn,front=near|left=ideal|right=near|back=near,1.0,0
front=near|left=ideal|right=near|back=near,Sharp-Right-Turn,front=near|left=ideal|right=near|back=near,1.0,0
front=near|left=ideal|right=near|back=near,Slight-Left-Turn,front=near|left=ideal|right=near|back=near,1.0,0
front=near|left=ideal|right=near|back=far,Move-Forward,front=near|left=too_close|right=near|back=far,0.021277,0
front=near|left=ideal|right=near|back=far,Move-Forward,front=near|left=ideal|right=near|back=far,0.702128,0
front=near|left=ideal|right=near|back=far,Move-Forward,front=near|left=ideal|right=mid|back=far,0.191489,0
front=near|left=ideal|right=near|back=far,Move-Forward,front=near|left=ideal|right=far|back=far,0.085106,0
front=near|left=ideal|right=near|back=far,Slight-Right-Turn,front=near|left=too_close|right=near|back=far,0.021277,0
front=near|left=ideal|right=near|back=far,Slight-Right-Turn,front=near|left=ideal|right=near|back=far,0.702128,0
front=near|left=ideal|right=near|back=far,Slight-Right-Turn,front=near|left=ideal|right=mid|back=far,0.191489,0
front=near|left=ideal|right=near|back=far,Slight-Right-Turn,front=near|left=ideal|right=far|back=far,0.085106,0
front=near|left=ideal|right=near|back=far,Sharp-Right-Turn,front=near|left=too_close|right=near|back=far,0.021277,1
front=near|left=ideal|right=near|back=far,Sharp-Right-Turn,front=near|left=ideal|right=near|back=far,0.702128,33
front=near|left=ideal|right=near|back=far,Sharp-Right-Turn,front=near|left=ideal|right=mid|back=far,0.191489,9
front=near|left=ideal|right=near|back=far,Sharp-Right-Turn,front=near|left=ideal|right=far|back=far,0.085106,4
front=near|left=ideal|right=near|back=far,Slight-Left-Turn,front=near|left=too_close|right=near|back=far,0.021277,0
front=near|left=ideal|right=near|back=far,Slight-Left-Turn,front=near|left=ideal|right=near|back=far,0.702128,0
front=near|left=ideal|right=near|back=far,Slight-Left-Turn,front=near|left=ideal|right=mid|back=far,0.191489,0
front=near|left=ideal|right=near|back=far,Slight-Left-Turn,front=near|left=ideal|right=far|back=far,0.085106,0
front=near|left=ideal|right=mid|back=near,Move-Forward,front=near|left=too_close|right=mid|back=near,0.01108,0
front=near|left=ideal|right=mid|back=near,Move-Forward,front=near|left=ideal|right=mid|back=near,0.786704,0
front=near|left=ideal|right=mid|back=near,Move-Forward,front=near|left=ideal|right=mid|back=far,0.027701,0
front=near|left=ideal|right=mid|back=near,Move-Forward,front=near|left=ideal|right=far|back=near,0.022161,0
front=near|left=ideal|right=mid|back=near,Move-Forward,front=near|left=far|right=mid|back=near,0.024931,0
front=near|left=ideal|right=mid|back=near,Move-Forward,front=mid|left=ideal|right=mid|back=near,0.077562,0
front=near|left=ideal|right=mid|back=near,Move-Forward,front=mid|left=ideal|right=mid|back=far,0.00277,0
front=near|left=ideal|right=mid|back=near,Move-Forward,front=far|left=ideal|right=mid|back=near,0.044321,0
front=near|left=ideal|right=mid|back=near,Move-Forward,front=far|left=ideal|right=mid|back=far,0.00277,0
front=near|left=ideal|right=mid|back=near,Slight-Right-Turn,front=near|left=too_close|right=mid|back=near,0.01108,0
front=near|left=ideal|right=mid|back=near,Slight-Right-Turn,front=near|left=ideal|right=mid|back=near,0.786704,0
front=near|left=ideal|right=mid|back=near,Slight-Right-Turn,front=near|left=ideal|right=mid|back=far,0.027701,0
front=near|left=ideal|right=mid|back=near,Slight-Right-Turn,front=near|left=ideal|right=far|back=near,0.022161,0
front=near|left=ideal|right=mid|back=near,Slight-Right-Turn,front=near|left=far|right=mid|back=near,0.024931,0
front=near|left=ideal|right=mid|back=near,Slight-Right-Turn,front=mid|left=ideal|right=mid|back=near,0.077562,0
front=near|left=ideal|right=mid|back=near,Slight-Right-Turn,front=mid|left=ideal|right=mid|back=far,0.00277,0
front=near|left=ideal|right=mid|back=near,Slight-Right-Turn,front=far|left=ideal|right=mid|back=near,0.044321,0
front=near|left=ideal|right=mid|back=near,Slight-Right-Turn,front=far|left=ideal|right=mid|back=far,0.00277,0
front=near|left=ideal|right=mid|back=near,Sharp-Right-Turn,front=near|left=too_close|right=mid|back=near,0.01108,4
front=near|left=ideal|right=mid|back=near,Sharp-Right-Turn,front=near|left=ideal|right=mid|back=near,0.786704,284
front=near|left=ideal|right=mid|back=near,Sharp-Right-Turn,front=near|left=ideal|right=mid|back=far,0.027701,10
front=near|left=ideal|right=mid|back=near,Sharp-Right-Turn,front=near|left=ideal|right=far|back=near,0.022161,8
front=near|left=ideal|right=mid|back=near,Sharp-Right-Turn,front=near|left=far|right=mid|back=near,0.024931,9
front=near|left=ideal|right=mid|back=near,Sharp-Right-Turn,front=mid|left=ideal|right=mid|back=near,0.077562,28
front=near|left=ideal|right=mid|back=near,Sharp-Right-Turn,front=mid|left=ideal|right=mid|back=far,0.00277,1
front=near|left=ideal|right=mid|back=near,Sharp-Right-Turn,front=far|left=ideal|right=mid|back=near,0.044321,16
front=near|left=ideal|right=mid|back=near,Sharp-Right-Turn,front=far|left=ideal|right=mid|back=far,0.00277,1
front=near|left=ideal|right=mid|back=near,Slight-Left-Turn,front=near|left=too_close|right=mid|back=near,0.01108,0
front=near|left=ideal|right=mid|back=near,Slight-Left-Turn,front=near|left=ideal|right=mid|back=near,0.786704,0
front=near|left=ideal|right=mid|back=near,Slight-Left-Turn,front=near|left=ideal|right=mid|back=far,0.027701,0
front=near|left=ideal|right=mid|back=near,Slight-Left-Turn,front=near|left=ideal|right=far|back=near,0.022161,0
front=near|left=ideal|right=mid|back=near,Slight-Left-Turn,front=near|left=far|right=mid|back=near,0.024931,0
front=near|left=ideal|right=mid|back=near,Slight-Left-Turn,front=mid|left=ideal|right=mid|back=near,0.077562,0
front=near|left=ideal|right=mid|back=near,Slight-Left-Turn,front=mid|left=ideal|right=mid|back=far,0.00277,0
front=near|left=ideal|right=mid|back=near,Slight-Left-Turn,front=far|left=ideal|right=mid|back=near,0.044321,0
front=near|left=ideal|right=mid|back=near,Slight-Left-Turn,front=far|left=ideal|right=mid|back=far,0.00277,0
front=near|left=ideal|right=mid|back=far,Move-Forward,front=near|left=too_close|right=mid|back=far,0.013423,0
front=near|left=ideal|right=mid|back=far,Move-Forward,front=near|left=ideal|right=near|back=far,0.02349,0
front=near|left=ideal|right=mid|back=far,Move-Forward,front=near|left=ideal|right=mid|back=near,0.057047,0
front=near|left=ideal|right=mid|back=far,Move-Forward,front=near|left=ideal|right=mid|back=far,0.832215,0
front=near|left=ideal|right=mid|back=far,Move-Forward,front=near|left=ideal|right=far|back=far,0.033557,0
front=near|left=ideal|right=mid|back=far,Move-Forward,front=near|left=far|right=mid|back=far,0.013423,0
front=near|left=ideal|right=mid|back=far,Move-Forward,front=mid|left=ideal|right=mid|back=far,0.026846,0
front=near|left=ideal|right=mid|back=far,Slight-Right-Turn,front=near|left=too_close|right=mid|back=far,0.013423,0
front=near|left=ideal|right=mid|back=far,Slight-Right-Turn,front=near|left=ideal|right=near|back=far,0.02349,0
front=near|left=ideal|right=mid|back=far,Slight-Right-Turn,front=near|left=ideal|right=mid|back=near,0.057047,0
front=near|left=ideal|right=mid|back=far,Slight-Right-Turn,front=near|left=ideal|right=mid|back=far,0.832215,0
front=near|left=ideal|right=mid|back=far,Slight-Right-Turn,front=near|left=ideal|right=far|back=far,0.033557,0
front=near|left=ideal|right=mid|back=far,Slight-Right-Turn,front=near|left=far|right=mid|back=far,0.013423,0
front=near|left=ideal|right=mid|back=far,Slight-Right-Turn,front=mid|left=ideal|right=mid|back=far,0.026846,0
front=near|left=ideal|right=mid|back=far,Sharp-Right-Turn,front=near|left=too_close|right=mid|back=far,0.013423,4
front=near|left=ideal|right=mid|back=far,Sharp-Right-Turn,front=near|left=ideal|right=near|back=far,0.02349,7
front=near|left=ideal|right=mid|back=far,Sharp-Right-Turn,front=near|left=ideal|right=mid|back=near,0.057047,17
front=near|left=ideal|right=mid|back=far,Sharp-Right-Turn,front=near|left=ideal|right=mid|back=far,0.832215,248
front=near|left=ideal|right=mid|back=far,Sharp-Right-Turn,front=near|left=ideal|right=far|back=far,0.033557,10
front=near|left=ideal|right=mid|back=far,Sharp-Right-Turn,front=near|left=far|right=mid|back=far,0.013423,4
front=near|left=ideal|right=mid|back=far,Sharp-Right-Turn,front=mid|left=ideal|right=mid|back=far,0.026846,8
front=near|left=ideal|right=mid|back=far,Slight-Left-Turn,front=near|left=too_close|right=mid|back=far,0.013423,0
front=near|left=ideal|right=mid|back=far,Slight-Left-Turn,front=near|left=ideal|right=near|back=far,0.02349,0
front=near|left=ideal|right=mid|back=far,Slight-Left-Turn,front=near|left=ideal|right=mid|back=near,0.057047,0
front=near|left=ideal|right=mid|back=far,Slight-Left-Turn,front=near|left=ideal|right=mid|back=far,0.832215,0
front=near|left=ideal|right=mid|back=far,Slight-Left-Turn,front=near|left=ideal|right=far|back=far,0.033557,0
front=near|left=ideal|right=mid|back=far,Slight-Left-Turn,front=near|left=far|right=mid|back=far,0.013423,0
front=near|left=ideal|right=mid|back=far,Slight-Left-Turn,front=mid|left=ideal|right=mid|back=far,0.026846,0
front=near|left=ideal|right=far|back=near,Move-Forward,front=near|left=too_close|right=far|back=near,0.057377,0
front=near|left=ideal|right=far|back=near,Move-Forward,front=near|left=ideal|right=mid|back=near,0.081967,0
front=near|left=ideal|right=far|back=near,Move-Forward,front=near|left=ideal|right=mid|back=far,0.008197,0
front=near|left=ideal|right=far|back=near,Move-Forward,front=near|left=ideal|right=far|back=near,0.672131,0
front=near|left=ideal|right=far|back=near,Move-Forward,front=near|left=ideal|right=far|back=far,0.090164,0
front=near|left=ideal|right=far|back=near,Move-Forward,front=near|left=far|right=far|back=near,0.008197,0
front=near|left=ideal|right=far|back=near,Move-Forward,front=mid|left=ideal|right=far|back=near,0.016393,0
front=near|left=ideal|right=far|back=near,Move-Forward,front=far|left=too_close|right=far|back=near,0.02459,0
front=near|left=ideal|right=far|back=near,Move-Forward,front=far|left=ideal|right=mid|back=near,0.02459,0
front=near|left=ideal|right=far|back=near,Move-Forward,front=far|left=ideal|right=far|back=near,0.016393,0
front=near|left=ideal|right=far|back=near,Slight-Right-Turn,front=near|left=too_close|right=far|back=near,0.057377,0
front=near|left=ideal|right=far|back=near,Slight-Right-Turn,front=near|left=ideal|right=mid|back=near,0.081967,0
front=near|left=ideal|right=far|back=near,Slight-Right-Turn,front=near|left=ideal|right=mid|back=far,0.008197,0
front=near|left=ideal|right=far|back=near,Slight-Right-Turn,front=near|left=ideal|right=far|back=near,0.672131,0
front=near|left=ideal|right=far|back=near,Slight-Right-Turn,front=near|left=ideal|right=far|back=far,0.090164,0
front=near|left=ideal|right=far|back=near,Slight-Right-Turn,front=near|left=far|right=far|back=near,0.008197,0
front=near|left=ideal|right=far|back=near,Slight-Right-Turn,front=mid|left=ideal|right=far|back=near,0.016393,0
front=near|left=ideal|right=far|back=near,Slight-Right-Turn,front=far|left=too_close|right=far|back=near,0.02459,0
front=near|left=ideal|right=far|back=near,Slight-Right-Turn,front=far|left=ideal|right=mid|back=near,0.02459,0
front=near|left=ideal|right=far|back=near,Slight-Right-Turn,front=far|left=ideal|right=far|back=near,0.016393,0
front=near|left=ideal|right=far|back=near,Sharp-Right-Turn,front=near|left=too_close|right=far|back=near,0.057377,7
front=near|left=ideal|right=far|back=near,Sharp-Right-Turn,front=near|left=ideal|right=mid|back=near,0.081967,10
front=near|left=ideal|right=far|back=near,Sharp-Right-Turn,front=near|left=ideal|right=mid|back=far,0.008197,1
front=near|left=ideal|right=far|back=near,Sharp-Right-Turn,front=near|left=ideal|right=far|back=near,0.672131,82
front=near|left=ideal|right=far|back=near,Sharp-Right-Turn,front=near|left=ideal|right=far|back=far,0.090164,11
front=near|left=ideal|right=far|back=near,Sharp-Right-Turn,front=near|left=far|right=far|back=near,0.008197,1
front=near|left=ideal|right=far|back=near,Sharp-Right-Turn,front=mid|left=ideal|right=far|back=near,0.016393,2
front=near|left=ideal|right=far|back=near,Sharp-Right-Turn,front=far|left=too_close|right=far|back=near,0.02459,3
front=near|left=ideal|right=far|back=near,Sharp-Right-Turn,front=far|left=ideal|right=mid|back=near,0.02459,3
front=near|left=ideal|right=far|back=near,Sharp-Right-Turn,front=far|left=ideal|right=far|back=near,0.016393,2
front=near|left=ideal|right=far|back=near,Slight-Left-Turn,front=near|left=too_close|right=far|back=near,0.057377,0
front=near|left=ideal|right=far|back=near,Slight-Left-Turn,front=near|left=ideal|right=mid|back=near,0.081967,0
front=near|left=ideal|right=far|back=near,Slight-Left-Turn,front=near|left=ideal|right=mid|back=far,0.008197,0
front=near|left=ideal|right=far|back=near,Slight-Left-Turn,front=near|left=ideal|right=far|back=near,0.672131,0
front=near|left=ideal|right=far|back=near,Slight-Left-Turn,front=near|left=ideal|right=far|back=far,0.090164,0
front=near|left=ideal|right=far|back=near,Slight-Left-Turn,front=near|left=far|right=far|back=near,0.008197,0
front=near|left=ideal|right=far|back=near,Slight-Left-Turn,front=mid|left=ideal|right=far|back=near,0.016393,0
front=near|left=ideal|right=far|back=near,Slight-Left-Turn,front=far|left=too_close|right=far|back=near,0.02459,0
front=near|left=ideal|right=far|back=near,Slight-Left-Turn,front=far|left=ideal|right=mid|back=near,0.02459,0
front=near|left=ideal|right=far|back=near,Slight-Left-Turn,front=far|left=ideal|right=far|back=near,0.016393,0
front=near|left=ideal|right=far|back=far,Move-Forward,front=near|left=too_close|right=far|back=far,0.031008,0
front=near|left=ideal|right=far|back=far,Move-Forward,front=near|left=ideal|right=near|back=far,0.007752,0
front=near|left=ideal|right=far|back=far,Move-Forward,front=near|left=ideal|right=mid|back=near,0.003876,0
front=near|left=ideal|right=far|back=far,Move-Forward,front=near|left=ideal|right=mid|back=far,0.011628,0
front=near|left=ideal|right=far|back=far,Move-Forward,front=near|left=ideal|right=far|back=near,0.065891,0
front=near|left=ideal|right=far|back=far,Move-Forward,front=near|left=ideal|right=far|back=far,0.837209,0
front=near|left=ideal|right=far|back=far,Move-Forward,front=near|left=far|right=far|back=far,0.007752,0
front=near|left=ideal|right=far|back=far,Move-Forward,front=mid|left=ideal|right=mid|back=far,0.003876,0
front=near|left=ideal|right=far|back=far,Move-Forward,front=mid|left=ideal|right=far|back=near,0.003876,0
front=near|left=ideal|right=far|back=far,Move-Forward,front=mid|left=ideal|right=far|back=far,0.023256,0
front=near|left=ideal|right=far|back=far,Move-Forward,front=far|left=ideal|right=far|back=near,0.003876,0
front=near|left=ideal|right=far|back=far,Slight-Right-Turn,front=near|left=too_close|right=far|back=far,0.031008,0
front=near|left=ideal|right=far|back=far,Slight-Right-Turn,front=near|left=ideal|right=near|back=far,0.007752,0
front=near|left=ideal|right=far|back=far,Slight-Right-Turn,front=near|left=ideal|right=mid|back=near,0.003876,0
front=near|left=ideal|right=far|back=far,Slight-Right-Turn,front=near|left=ideal|right=mid|back=far,0.011628,0
front=near|left=ideal|right=far|back=far,Slight-Right-Turn,front=near|left=ideal|right=far|back=near,0.065891,0
front=near|left=ideal|right=far|back=far,Slight-Right-Turn,front=near|left=ideal|right=far|back=far,0.837209,0
front=near|left=ideal|right=far|back=far,Slight-Right-Turn,front=near|left=far|right=far|back=far,0.007752,0
front=near|left=ideal|right=far|back=far,Slight-Right-Turn,front=mid|left=ideal|right=mid|back=far,0.003876,0
front=near|left=ideal|right=far|back=far,Slight-Right-Turn,front=mid|left=ideal|right=far|back=near,0.003876,0
front=near|left=ideal|right=far|back=far,Slight-Right-Turn,front=mid|left=ideal|right=far|back=far,0.023256,0
front=near|left=ideal|right=far|back=far,Slight-Right-Turn,front=far|left=ideal|right=far|back=near,0.003876,0
front=near|left=ideal|right=far|back=far,Sharp-Right-Turn,front=near|left=too_close|right=far|back=far,0.031008,8
front=near|left=ideal|right=far|back=far,Sharp-Right-Turn,front=near|left=ideal|right=near|back=far,0.007752,2
front=near|left=ideal|right=far|back=far,Sharp-Right-Turn,front=near|left=ideal|right=mid|back=near,0.003876,1
front=near|left=ideal|right=far|back=far,Sharp-Right-Turn,front=near|left=ideal|right=mid|back=far,0.011628,3
front=near|left=ideal|right=far|back=far,Sharp-Right-Turn,front=near|left=ideal|right=far|back=near,0.065891,17
front=near|left=ideal|right=far|back=far,Sharp-Right-Turn,front=near|left=ideal|right=far|back=far,0.837209,216
front=near|left=ideal|right=far|back=far,Sharp-Right-Turn,front=near|left=far|right=far|back=far,0.007752,2
front=near|left=ideal|right=far|back=far,Sharp-Right-Turn,front=mid|left=ideal|right=mid|back=far,0.003876,1
front=near|left=ideal|right=far|back=far,Sharp-Right-Turn,front=mid|left=ideal|right=far|back=near,0.003876,1
front=near|left=ideal|right=far|back=far,Sharp-Right-Turn,front=mid|left=ideal|right=far|back=far,0.023256,6
front=near|left=ideal|right=far|back=far,Sharp-Right-Turn,front=far|left=ideal|right=far|back=near,0.003876,1
front=near|left=ideal|right=far|back=far,Slight-Left-Turn,front=near|left=too_close|right=far|back=far,0.031008,0
front=near|left=ideal|right=far|back=far,Slight-Left-Turn,front=near|left=ideal|right=near|back=far,0.007752,0
front=near|left=ideal|right=far|back=far,Slight-Left-Turn,front=near|left=ideal|right=mid|back=near,0.003876,0
front=near|left=ideal|right=far|back=far,Slight-Left-Turn,front=near|left=ideal|right=mid|back=far,0.011628,0
front=near|left=ideal|right=far|back=far,Slight-Left-Turn,front=near|left=ideal|right=far|back=near,0.065891,0
front=near|left=ideal|right=far|back=far,Slight-Left-Turn,front=near|left=ideal|right=far|back=far,0.837209,0
front=near|left=ideal|right=far|back=far,Slight-Left-Turn,front=near|left=far|right=far|back=far,0.007752,0
front=near|left=ideal|right=far|back=far,Slight-Left-Turn,front=mid|left=ideal|right=mid|back=far,0.003876,0
front=near|left=ideal|right=far|back=far,Slight-Left-Turn,front=mid|left=ideal|right=far|back=near,0.003876,0
front=near|left=ideal|right=far|back=far,Slight-Left-Turn,front=mid|left=ideal|right=far|back=far,0.023256,0
front=near|left=ideal|right=far|back=far,Slight-Left-Turn,front=far|left=ideal|right=far|back=near,0.003876,0
front=near|left=far|right=near|back=near,Move-Forward,front=near|left=far|right=near|back=near,1.0,0
front=near|left=far|right=near|back=near,Slight-Right-Turn,front=near|left=far|right=near|back=near,1.0,0
front=near|left=far|right=near|back=near,Sharp-Right-Turn,front=near|left=far|right=near|back=near,1.0,0
front=near|left=far|right=near|back=near,Slight-Left-Turn,front=near|left=far|right=near|back=near,1.0,0
front=near|left=far|right=near|back=far,Move-Forward,front=near|left=far|right=near|back=far,0.952381,0
front=near|left=far|right=near|back=far,Move-Forward,front=near|left=far|right=mid|back=far,0.02381,0
front=near|left=far|right=near|back=far,Move-Forward,front=near|left=lost|right=near|back=far,0.02381,0
front=near|left=far|right=near|back=far,Slight-Right-Turn,front=near|left=far|right=near|back=far,0.952381,0
front=near|left=far|right=near|back=far,Slight-Right-Turn,front=near|left=far|right=mid|back=far,0.02381,0
front=near|left=far|right=near|back=far,Slight-Right-Turn,front=near|left=lost|right=near|back=far,0.02381,0
front=near|left=far|right=near|back=far,Sharp-Right-Turn,front=near|left=far|right=near|back=far,0.952381,40
front=near|left=far|right=near|back=far,Sharp-Right-Turn,front=near|left=far|right=mid|back=far,0.02381,1
front=near|left=far|right=near|back=far,Sharp-Right-Turn,front=near|left=lost|right=near|back=far,0.02381,1
front=near|left=far|right=near|back=far,Slight-Left-Turn,front=near|left=far|right=near|back=far,0.952381,0
front=near|left=far|right=near|back=far,Slight-Left-Turn,front=near|left=far|right=mid|back=far,0.02381,0
front=near|left=far|right=near|back=far,Slight-Left-Turn,front=near|left=lost|right=near|back=far,0.02381,0
front=near|left=far|right=mid|back=near,Move-Forward,front=near|left=too_close|right=mid|back=near,0.1875,0
front=near|left=far|right=mid|back=near,Move-Forward,front=near|left=ideal|right=mid|back=near,0.5,0
front=near|left=far|right=mid|back=near,Move-Forward,front=near|left=far|right=mid|back=near,0.25,0
front=near|left=far|right=mid|back=near,Move-Forward,front=far|left=too_close|right=mid|back=near,0.0625,0
front=near|left=far|right=mid|back=near,Slight-Right-Turn,front=near|left=too_close|right=mid|back=near,0.1875,0
front=near|left=far|right=mid|back=near,Slight-Right-Turn,front=near|left=ideal|right=mid|back=near,0.5,0
front=near|left=far|right=mid|back=near,Slight-Right-Turn,front=near|left=far|right=mid|back=near,0.25,0
front=near|left=far|right=mid|back=near,Slight-Right-Turn,front=far|left=too_close|right=mid|back=near,0.0625,0
front=near|left=far|right=mid|back=near,Sharp-Right-Turn,front=near|left=too_close|right=mid|back=near,0.1875,3
front=near|left=far|right=mid|back=near,Sharp-Right-Turn,front=near|left=ideal|right=mid|back=near,0.5,8
front=near|left=far|right=mid|back=near,Sharp-Right-Turn,front=near|left=far|right=mid|back=near,0.25,4
front=near|left=far|right=mid|back=near,Sharp-Right-Turn,front=far|left=too_close|right=mid|back=near,0.0625,1
front=near|left=far|right=mid|back=near,Slight-Left-Turn,front=near|left=too_close|right=mid|back=near,0.1875,0
front=near|left=far|right=mid|back=near,Slight-Left-Turn,front=near|left=ideal|right=mid|back=near,0.5,0
front=near|left=far|right=mid|back=near,Slight-Left-Turn,front=near|left=far|right=mid|back=near,0.25,0
front=near|left=far|right=mid|back=near,Slight-Left-Turn,front=far|left=too_close|right=mid|back=near,0.0625,0
front=near|left=far|right=mid|back=far,Move-Forward,front=near|left=ideal|right=mid|back=far,0.333333,0
front=near|left=far|right=mid|back=far,Move-Forward,front=near|left=far|right=mid|back=far,0.555556,0
front=near|left=far|right=mid|back=far,Move-Forward,front=near|left=far|right=far|back=far,0.111111,0
front=near|left=far|right=mid|back=far,Slight-Right-Turn,front=near|left=ideal|right=mid|back=far,0.333333,0
front=near|left=far|right=mid|back=far,Slight-Right-Turn,front=near|left=far|right=mid|back=far,0.555556,0
front=near|left=far|right=mid|back=far,Slight-Right-Turn,front=near|left=far|right=far|back=far,0.111111,0
front=near|left=far|right=mid|back=far,Sharp-Right-Turn,front=near|left=ideal|right=mid|back=far,0.333333,6
front=near|left=far|right=mid|back=far,Sharp-Right-Turn,front=near|left=far|right=mid|back=far,0.555556,10
front=near|left=far|right=mid|back=far,Sharp-Right-Turn,front=near|left=far|right=far|back=far,0.111111,2
front=near|left=far|right=mid|back=far,Slight-Left-Turn,front=near|left=ideal|right=mid|back=far,0.333333,0
front=near|left=far|right=mid|back=far,Slight-Left-Turn,front=near|left=far|right=mid|back=far,0.555556,0
front=near|left=far|right=mid|back=far,Slight-Left-Turn,front=near|left=far|right=far|back=far,0.111111,0
front=near|left=far|right=far|back=near,Move-Forward,front=near|left=ideal|right=far|back=near,0.333333,0
front=near|left=far|right=far|back=near,Move-Forward,front=near|left=far|right=far|back=near,0.333333,0
front=near|left=far|right=far|back=near,Move-Forward,front=mid|left=far|right=mid|back=near,0.333333,0
front=near|left=far|right=far|back=near,Slight-Right-Turn,front=near|left=ideal|right=far|back=near,0.333333,0
front=near|left=far|right=far|back=near,Slight-Right-Turn,front=near|left=far|right=far|back=near,0.333333,0
front=near|left=far|right=far|back=near,Slight-Right-Turn,front=mid|left=far|right=mid|back=near,0.333333,0
front=near|left=far|right=far|back=near,Sharp-Right-Turn,front=near|left=ideal|right=far|back=near,0.333333,1
front=near|left=far|right=far|back=near,Sharp-Right-Turn,front=near|left=far|right=far|back=near,0.333333,1
front=near|left=far|right=far|back=near,Sharp-Right-Turn,front=mid|left=far|right=mid|back=near,0.333333,1
front=near|left=far|right=far|back=near,Slight-Left-Turn,front=near|left=ideal|right=far|back=near,0.333333,0
front=near|left=far|right=far|back=near,Slight-Left-Turn,front=near|left=far|right=far|back=near,0.333333,0
front=near|left=far|right=far|back=near,Slight-Left-Turn,front=mid|left=far|right=mid|back=near,0.333333,0
front=near|left=far|right=far|back=far,Move-Forward,front=near|left=ideal|right=far|back=far,0.153846,0
front=near|left=far|right=far|back=far,Move-Forward,front=near|left=far|right=mid|back=far,0.153846,0
front=near|left=far|right=far|back=far,Move-Forward,front=near|left=far|right=far|back=near,0.076923,0
front=near|left=far|right=far|back=far,Move-Forward,front=near|left=far|right=far|back=far,0.615385,0
front=near|left=far|right=far|back=far,Slight-Right-Turn,front=near|left=ideal|right=far|back=far,0.153846,0
front=near|left=far|right=far|back=far,Slight-Right-Turn,front=near|left=far|right=mid|back=far,0.153846,0
front=near|left=far|right=far|back=far,Slight-Right-Turn,front=near|left=far|right=far|back=near,0.076923,0
front=near|left=far|right=far|back=far,Slight-Right-Turn,front=near|left=far|right=far|back=far,0.615385,0
front=near|left=far|right=far|back=far,Sharp-Right-Turn,front=near|left=ideal|right=far|back=far,0.153846,2
front=near|left=far|right=far|back=far,Sharp-Right-Turn,front=near|left=far|right=mid|back=far,0.153846,2
front=near|left=far|right=far|back=far,Sharp-Right-Turn,front=near|left=far|right=far|back=near,0.076923,1
front=near|left=far|right=far|back=far,Sharp-Right-Turn,front=near|left=far|right=far|back=far,0.615385,8
front=near|left=far|right=far|back=far,Slight-Left-Turn,front=near|left=ideal|right=far|back=far,0.153846,0
front=near|left=far|right=far|back=far,Slight-Left-Turn,front=near|left=far|right=mid|back=far,0.153846,0
front=near|left=far|right=far|back=far,Slight-Left-Turn,front=near|left=far|right=far|back=near,0.076923,0
front=near|left=far|right=far|back=far,Slight-Left-Turn,front=near|left=far|right=far|back=far,0.615385,0
front=near|left=lost|right=near|back=near,Move-Forward,front=near|left=lost|right=near|back=near,1.0,0
front=near|left=lost|right=near|back=near,Slight-Right-Turn,front=near|left=lost|right=near|back=near,1.0,0
front=near|left=lost|right=near|back=near,Sharp-Right-Turn,front=near|left=lost|right=near|back=near,1.0,0
front=near|left=lost|right=near|back=near,Slight-Left-Turn,front=near|left=lost|right=near|back=near,1.0,0
front=near|left=lost|right=near|back=far,Move-Forward,front=near|left=far|right=near|back=far,0.2,0
front=near|left=lost|right=near|back=far,Move-Forward,front=near|left=lost|right=near|back=far,0.8,0
front=near|left=lost|right=near|back=far,Slight-Right-Turn,front=near|left=far|right=near|back=far,0.2,0
front=near|left=lost|right=near|back=far,Slight-Right-Turn,front=near|left=lost|right=near|back=far,0.8,0
front=near|left=lost|right=near|back=far,Sharp-Right-Turn,front=near|left=far|right=near|back=far,0.2,1
front=near|left=lost|right=near|back=far,Sharp-Right-Turn,front=near|left=lost|right=near|back=far,0.8,4
front=near|left=lost|right=near|back=far,Slight-Left-Turn,front=near|left=far|right=near|back=far,0.2,0
front=near|left=lost|right=near|back=far,Slight-Left-Turn,front=near|left=lost|right=near|back=far,0.8,0
front=near|left=lost|right=mid|back=near,Move-Forward,front=near|left=lost|right=mid|back=near,1.0,0
front=near|left=lost|right=mid|back=near,Slight-Right-Turn,front=near|left=lost|right=mid|back=near,1.0,0
front=near|left=lost|right=mid|back=near,Sharp-Right-Turn,front=near|left=lost|right=mid|back=near,1.0,0
front=near|left=lost|right=mid|back=near,Slight-Left-Turn,front=near|left=lost|right=mid|back=near,1.0,0
front=near|left=lost|right=mid|back=far,Move-Forward,front=near|left=lost|right=mid|back=far,1.0,0
front=near|left=lost|right=mid|back=far,Slight-Right-Turn,front=near|left=lost|right=mid|back=far,1.0,0
front=near|left=lost|right=mid|back=far,Sharp-Right-Turn,front=near|left=lost|right=mid|back=far,1.0,0
front=near|left=lost|right=mid|back=far,Slight-Left-Turn,front=near|left=lost|right=mid|back=far,1.0,0
front=near|left=lost|right=far|back=near,Move-Forward,front=near|left=lost|right=far|back=near,1.0,0
front=near|left=lost|right=far|back=near,Slight-Right-Turn,front=near|left=lost|right=far|back=near,1.0,0
front=near|left=lost|right=far|back=near,Sharp-Right-Turn,front=near|left=lost|right=far|back=near,1.0,0
front=near|left=lost|right=far|back=near,Slight-Left-Turn,front=near|left=lost|right=far|back=near,1.0,0
front=near|left=lost|right=far|back=far,Move-Forward,front=near|left=lost|right=far|back=far,1.0,0
front=near|left=lost|right=far|back=far,Slight-Right-Turn,front=near|left=lost|right=far|back=far,1.0,0
front=near|left=lost|right=far|back=far,Sharp-Right-Turn,front=near|left=lost|right=far|back=far,1.0,0
front=near|left=lost|right=far|back=far,Slight-Left-Turn,front=near|left=lost|right=far|back=far,1.0,0
front=mid|left=too_close|right=near|back=near,Move-Forward,front=mid|left=too_close|right=near|back=near,1.0,0
front=mid|left=too_close|right=near|back=near,Slight-Right-Turn,front=mid|left=too_close|right=near|back=near,1.0,0
front=mid|left=too_close|right=near|back=near,Sharp-Right-Turn,front=mid|left=too_close|right=near|back=near,1.0,0
front=mid|left=too_close|right=near|back=near,Slight-Left-Turn,front=mid|left=too_close|right=near|back=near,1.0,0
front=mid|left=too_close|right=near|back=far,Move-Forward,front=mid|left=too_close|right=near|back=far,1.0,0
front=mid|left=too_close|right=near|back=far,Slight-Right-Turn,front=mid|left=too_close|right=near|back=far,1.0,0
front=mid|left=too_close|right=near|back=far,Sharp-Right-Turn,front=mid|left=too_close|right=near|back=far,1.0,0
front=mid|left=too_close|right=near|back=far,Slight-Left-Turn,front=mid|left=too_close|right=near|back=far,1.0,0
front=mid|left=too_close|right=mid|back=near,Move-Forward,front=mid|left=too_close|right=mid|back=near,0.285714,2
front=mid|left=too_close|right=mid|back=near,Move-Forward,front=mid|left=too_close|right=mid|back=far,0.142857,1
front=mid|left=too_close|right=mid|back=near,Move-Forward,front=mid|left=ideal|right=mid|back=near,0.571429,4
front=mid|left=too_close|right=mid|back=near,Slight-Right-Turn,front=near|left=too_close|right=mid|back=near,0.042857,3
front=mid|left=too_close|right=mid|back=near,Slight-Right-Turn,front=mid|left=too_close|right=mid|back=near,0.714286,50
front=mid|left=too_close|right=mid|back=near,Slight-Right-Turn,front=mid|left=too_close|right=mid|back=far,0.142857,10
front=mid|left=too_close|right=mid|back=near,Slight-Right-Turn,front=mid|left=too_close|right=far|back=near,0.028571,2
front=mid|left=too_close|right=mid|back=near,Slight-Right-Turn,front=far|left=too_close|right=mid|back=near,0.057143,4
front=mid|left=too_close|right=mid|back=near,Slight-Right-Turn,front=far|left=too_close|right=mid|back=far,0.014286,1
front=mid|left=too_close|right=mid|back=near,Sharp-Right-Turn,front=near|left=too_close|right=mid|back=near,0.038961,0
front=mid|left=too_close|right=mid|back=near,Sharp-Right-Turn,front=mid|left=too_close|right=mid|back=near,0.675325,0
front=mid|left=too_close|right=mid|back=near,Sharp-Right-Turn,front=mid|left=too_close|right=mid|back=far,0.142857,0
front=mid|left=too_close|right=mid|back=near,Sharp-Right-Turn,front=mid|left=too_close|right=far|back=near,0.025974,0
front=mid|left=too_close|right=mid|back=near,Sharp-Right-Turn,front=mid|left=ideal|right=mid|back=near,0.051948,0
front=mid|left=too_close|right=mid|back=near,Sharp-Right-Turn,front=far|left=too_close|right=mid|back=near,0.051948,0
front=mid|left=too_close|right=mid|back=near,Sharp-Right-Turn,front=far|left=too_close|right=mid|back=far,0.012987,0
front=mid|left=too_close|right=mid|back=near,Slight-Left-Turn,front=near|left=too_close|right=mid|back=near,0.038961,0
front=mid|left=too_close|right=mid|back=near,Slight-Left-Turn,front=mid|left=too_close|right=mid|back=near,0.675325,0
front=mid|left=too_close|right=mid|back=near,Slight-Left-Turn,front=mid|left=too_close|right=mid|back=far,0.142857,0
front=mid|left=too_close|right=mid|back=near,Slight-Left-Turn,front=mid|left=too_close|right=far|back=near,0.025974,0
front=mid|left=too_close|right=mid|back=near,Slight-Left-Turn,front=mid|left=ideal|right=mid|back=near,0.051948,0
front=mid|left=too_close|right=mid|back=near,Slight-Left-Turn,front=far|left=too_close|right=mid|back=near,0.051948,0
front=mid|left=too_close|right=mid|back=near,Slight-Left-Turn,front=far|left=too_close|right=mid|back=far,0.012987,0
front=mid|left=too_close|right=mid|back=far,Move-Forward,front=mid|left=too_close|right=mid|back=far,0.5,4
front=mid|left=too_close|right=mid|back=far,Move-Forward,front=mid|left=ideal|right=mid|back=far,0.5,4
front=mid|left=too_close|right=mid|back=far,Slight-Right-Turn,front=near|left=too_close|right=mid|back=far,0.005882,1
front=mid|left=too_close|right=mid|back=far,Slight-Right-Turn,front=mid|left=too_close|right=mid|back=near,0.094118,16
front=mid|left=too_close|right=mid|back=far,Slight-Right-Turn,front=mid|left=too_close|right=mid|back=far,0.805882,137
front=mid|left=too_close|right=mid|back=far,Slight-Right-Turn,front=mid|left=too_close|right=far|back=near,0.005882,1
front=mid|left=too_close|right=mid|back=far,Slight-Right-Turn,front=mid|left=too_close|right=far|back=far,0.005882,1
front=mid|left=too_close|right=mid|back=far,Slight-Right-Turn,front=far|left=too_close|right=mid|back=near,0.011765,2
front=mid|left=too_close|right=mid|back=far,Slight-Right-Turn,front=far|left=too_close|right=mid|back=far,0.070588,12
front=mid|left=too_close|right=mid|back=far,Sharp-Right-Turn,front=near|left=too_close|right=mid|back=far,0.005618,0
front=mid|left=too_close|right=mid|back=far,Sharp-Right-Turn,front=mid|left=too_close|right=mid|back=near,0.089888,0
front=mid|left=too_close|right=mid|back=far,Sharp-Right-Turn,front=mid|left=too_close|right=mid|back=far,0.792135,0
front=mid|left=too_close|right=mid|back=far,Sharp-Right-Turn,front=mid|left=too_close|right=far|back=near,0.005618,0
front=mid|left=too_close|right=mid|back=far,Sharp-Right-Turn,front=mid|left=too_close|right=far|back=far,0.005618,0
front=mid|left=too_close|right=mid|back=far,Sharp-Right-Turn,front=mid|left=ideal|right=mid|back=far,0.022472,0
front=mid|left=too_close|right=mid|back=far,Sharp-Right-Turn,front=far|left=too_close|right=mid|back=near,0.011236,0
front=mid|left=too_close|right=mid|back=far,Sharp-Right-Turn,front=far|left=too_close|right=mid|back=far,0.067416,0
front=mid|left=too_close|right=mid|back=far,Slight-Left-Turn,front=near|left=too_close|right=mid|back=far,0.005618,0
front=mid|left=too_close|right=mid|back=far,Slight-Left-Turn,front=mid|left=too_close|right=mid|back=near,0.089888,0
front=mid|left=too_close|right=mid|back=far,Slight-Left-Turn,front=mid|left=too_close|right=mid|back=far,0.792135,0
front=mid|left=too_close|right=mid|back=far,Slight-Left-Turn,front=mid|left=too_close|right=far|back=near,0.005618,0
front=mid|left=too_close|right=mid|back=far,Slight-Left-Turn,front=mid|left=too_close|right=far|back=far,0.005618,0
front=mid|left=too_close|right=mid|back=far,Slight-Left-Turn,front=mid|left=ideal|right=mid|back=far,0.022472,0
front=mid|left=too_close|right=mid|back=far,Slight-Left-Turn,front=far|left=too_close|right=mid|back=near,0.011236,0
front=mid|left=too_close|right=mid|back=far,Slight-Left-Turn,front=far|left=too_close|right=mid|back=far,0.067416,0
front=mid|left=too_close|right=far|back=near,Move-Forward,front=mid|left=too_close|right=far|back=near,0.4,2
front=mid|left=too_close|right=far|back=near,Move-Forward,front=mid|left=too_close|right=far|back=far,0.2,1
front=mid|left=too_close|right=far|back=near,Move-Forward,front=mid|left=ideal|right=far|back=near,0.4,2
front=mid|left=too_close|right=far|back=near,Slight-Right-Turn,front=mid|left=too_close|right=far|back=near,0.84,42
front=mid|left=too_close|right=far|back=near,Slight-Right-Turn,front=mid|left=ideal|right=far|back=near,0.08,4
front=mid|left=too_close|right=far|back=near,Slight-Right-Turn,front=far|left=too_close|right=far|back=near,0.08,4
front=mid|left=too_close|right=far|back=near,Sharp-Right-Turn,front=mid|left=too_close|right=far|back=near,0.8,0
front=mid|left=too_close|right=far|back=near,Sharp-Right-Turn,front=mid|left=too_close|right=far|back=far,0.018182,0
front=mid|left=too_close|right=far|back=near,Sharp-Right-Turn,front=mid|left=ideal|right=far|back=near,0.109091,0
front=mid|left=too_close|right=far|back=near,Sharp-Right-Turn,front=far|left=too_close|right=far|back=near,0.072727,0
front=mid|left=too_close|right=far|back=near,Slight-Left-Turn,front=mid|left=too_close|right=far|back=near,0.8,0
front=mid|left=too_close|right=far|back=near,Slight-Left-Turn,front=mid|left=too_close|right=far|back=far,0.018182,0
front=mid|left=too_close|right=far|back=near,Slight-Left-Turn,front=mid|left=ideal|right=far|back=near,0.109091,0
front=mid|left=too_close|right=far|back=near,Slight-Left-Turn,front=far|left=too_close|right=far|back=near,0.072727,0
front=mid|left=too_close|right=far|back=far,Move-Forward,front=near|left=too_close|right=far|back=far,0.2,1
front=mid|left=too_close|right=far|back=far,Move-Forward,front=mid|left=too_close|right=mid|back=far,0.2,1
front=mid|left=too_close|right=far|back=far,Move-Forward,front=mid|left=too_close|right=far|back=far,0.6,3
front=mid|left=too_close|right=far|back=far,Slight-Right-Turn,front=near|left=too_close|right=mid|back=far,0.111111,1
front=mid|left=too_close|right=far|back=far,Slight-Right-Turn,front=near|left=too_close|right=far|back=far,0.111111,1
front=mid|left=too_close|right=far|back=far,Slight-Right-Turn,front=mid|left=too_close|right=mid|back=far,0.222222,2
front=mid|left=too_close|right=far|back=far,Slight-Right-Turn,front=mid|left=too_close|right=far|back=far,0.444444,4
front=mid|left=too_close|right=far|back=far,Slight-Right-Turn,front=mid|left=ideal|right=far|back=near,0.111111,1
front=mid|left=too_close|right=far|back=far,Sharp-Right-Turn,front=near|left=too_close|right=far|back=far,1.0,1
front=mid|left=too_close|right=far|back=far,Slight-Left-Turn,front=near|left=too_close|right=mid|back=far,0.066667,0
front=mid|left=too_close|right=far|back=far,Slight-Left-Turn,front=near|left=too_close|right=far|back=far,0.2,0
front=mid|left=too_close|right=far|back=far,Slight-Left-Turn,front=mid|left=too_close|right=mid|back=far,0.2,0
front=mid|left=too_close|right=far|back=far,Slight-Left-Turn,front=mid|left=too_close|right=far|back=far,0.466667,0
front=mid|left=too_close|right=far|back=far,Slight-Left-Turn,front=mid|left=ideal|right=far|back=near,0.066667,0
front=mid|left=ideal|right=near|back=near,Move-Forward,front=mid|left=ideal|right=near|back=near,0.5,1
front=mid|left=ideal|right=near|back=near,Move-Forward,front=mid|left=ideal|right=mid|back=far,0.5,1
front=mid|left=ideal|right=near|back=near,Slight-Right-Turn,front=mid|left=ideal|right=near|back=near,0.5,0
front=mid|left=ideal|right=near|back=near,Slight-Right-Turn,front=mid|left=ideal|right=mid|back=far,0.5,0
front=mid|left=ideal|right=near|back=near,Sharp-Right-Turn,front=mid|left=ideal|right=near|back=near,0.5,0
front=mid|left=ideal|right=near|back=near,Sharp-Right-Turn,front=mid|left=ideal|right=mid|back=far,0.5,0
front=mid|left=ideal|right=near|back=near,Slight-Left-Turn,front=mid|left=ideal|right=near|back=near,0.5,0
front=mid|left=ideal|right=near|back=near,Slight-Left-Turn,front=mid|left=ideal|right=mid|back=far,0.5,0
front=mid|left=ideal|right=near|back=far,Move-Forward,front=near|left=too_close|right=near|back=far,0.023256,1
front=mid|left=ideal|right=near|back=far,Move-Forward,front=near|left=ideal|right=near|back=far,0.116279,5
front=mid|left=ideal|right=near|back=far,Move-Forward,front=near|left=ideal|right=mid|back=far,0.023256,1
front=mid|left=ideal|right=near|back=far,Move-Forward,front=near|left=ideal|right=far|back=far,0.023256,1
front=mid|left=ideal|right=near|back=far,Move-Forward,front=mid|left=ideal|right=near|back=far,0.697674,30
front=mid|left=ideal|right=near|back=far,Move-Forward,front=mid|left=ideal|right=mid|back=far,0.023256,1
front=mid|left=ideal|right=near|back=far,Move-Forward,front=mid|left=ideal|right=far|back=far,0.093023,4
front=mid|left=ideal|right=near|back=far,Slight-Right-Turn,front=near|left=too_close|right=near|back=far,0.023256,0
front=mid|left=ideal|right=near|back=far,Slight-Right-Turn,front=near|left=ideal|right=near|back=far,0.116279,0
front=mid|left=ideal|right=near|back=far,Slight-Right-Turn,front=near|left=ideal|right=mid|back=far,0.023256,0
front=mid|left=ideal|right=near|back=far,Slight-Right-Turn,front=near|left=ideal|right=far|back=far,0.023256,0
front=mid|left=ideal|right=near|back=far,Slight-Right-Turn,front=mid|left=ideal|right=near|back=far,0.697674,0
front=mid|left=ideal|right=near|back=far,Slight-Right-Turn,front=mid|left=ideal|right=mid|back=far,0.023256,0
front=mid|left=ideal|right=near|back=far,Slight-Right-Turn,front=mid|left=ideal|right=far|back=far,0.093023,0
front=mid|left=ideal|right=near|back=far,Sharp-Right-Turn,front=near|left=too_close|right=near|back=far,0.023256,0
front=mid|left=ideal|right=near|back=far,Sharp-Right-Turn,front=near|left=ideal|right=near|back=far,0.116279,0
front=mid|left=ideal|right=near|back=far,Sharp-Right-Turn,front=near|left=ideal|right=mid|back=far,0.023256,0
front=mid|left=ideal|right=near|back=far,Sharp-Right-Turn,front=near|left=ideal|right=far|back=far,0.023256,0
front=mid|left=ideal|right=near|back=far,Sharp-Right-Turn,front=mid|left=ideal|right=near|back=far,0.697674,0
front=mid|left=ideal|right=near|back=far,Sharp-Right-Turn,front=mid|left=ideal|right=mid|back=far,0.023256,0
front=mid|left=ideal|right=near|back=far,Sharp-Right-Turn,front=mid|left=ideal|right=far|back=far,0.093023,0
front=mid|left=ideal|right=near|back=far,Slight-Left-Turn,front=near|left=too_close|right=near|back=far,0.023256,0
front=mid|left=ideal|right=near|back=far,Slight-Left-Turn,front=near|left=ideal|right=near|back=far,0.116279,0
front=mid|left=ideal|right=near|back=far,Slight-Left-Turn,front=near|left=ideal|right=mid|back=far,0.023256,0
front=mid|left=ideal|right=near|back=far,Slight-Left-Turn,front=near|left=ideal|right=far|back=far,0.023256,0
front=mid|left=ideal|right=near|back=far,Slight-Left-Turn,front=mid|left=ideal|right=near|back=far,0.697674,0
front=mid|left=ideal|right=near|back=far,Slight-Left-Turn,front=mid|left=ideal|right=mid|back=far,0.023256,0
front=mid|left=ideal|right=near|back=far,Slight-Left-Turn,front=mid|left=ideal|right=far|back=far,0.093023,0
front=mid|left=ideal|right=mid|back=near,Move-Forward,front=near|left=ideal|right=mid|back=near,0.045249,20
front=mid|left=ideal|right=mid|back=near,Move-Forward,front=near|left=ideal|right=mid|back=far,0.004525,2
front=mid|left=ideal|right=mid|back=near,Move-Forward,front=mid|left=ideal|right=near|back=near,0.002262,1
front=mid|left=ideal|right=mid|back=near,Move-Forward,front=mid|left=ideal|right=mid|back=near,0.79638,352
front=mid|left=ideal|right=mid|back=near,Move-Forward,front=mid|left=ideal|right=mid|back=far,0.085973,38
front=mid|left=ideal|right=mid|back=near,Move-Forward,front=mid|left=ideal|right=far|back=near,0.029412,13
front=mid|left=ideal|right=mid|back=near,Move-Forward,front=mid|left=far|right=mid|back=far,0.002262,1
front=mid|left=ideal|right=mid|back=near,Move-Forward,front=far|left=ideal|right=mid|back=near,0.031674,14
front=mid|left=ideal|right=mid|back=near,Move-Forward,front=far|left=ideal|right=far|back=far,0.002262,1
front=mid|left=ideal|right=mid|back=near,Slight-Right-Turn,front=near|left=ideal|right=mid|back=near,0.049438,0
front=mid|left=ideal|right=mid|back=near,Slight-Right-Turn,front=near|left=ideal|right=mid|back=far,0.004494,0
front=mid|left=ideal|right=mid|back=near,Slight-Right-Turn,front=mid|left=ideal|right=near|back=near,0.002247,0
front=mid|left=ideal|right=mid|back=near,Slight-Right-Turn,front=mid|left=ideal|right=mid|back=near,0.793258,0
front=mid|left=ideal|right=mid|back=near,Slight-Right-Turn,front=mid|left=ideal|right=mid|back=far,0.085393,0
front=mid|left=ideal|right=mid|back=near,Slight-Right-Turn,front=mid|left=ideal|right=far|back=near,0.029213,0
front=mid|left=ideal|right=mid|back=near,Slight-Right-Turn,front=mid|left=far|right=mid|back=far,0.002247,0
front=mid|left=ideal|right=mid|back=near,Slight-Right-Turn,front=far|left=ideal|right=mid|back=near,0.031461,0
front=mid|left=ideal|right=mid|back=near,Slight-Right-Turn,front=far|left=ideal|right=far|back=far,0.002247,0
front=mid|left=ideal|right=mid|back=near,Sharp-Right-Turn,front=near|left=ideal|right=mid|back=near,0.666667,2
front=mid|left=ideal|right=mid|back=near,Sharp-Right-Turn,front=mid|left=ideal|right=mid|back=near,0.333333,1
front=mid|left=ideal|right=mid|back=near,Slight-Left-Turn,front=near|left=ideal|right=mid|back=near,0.049438,0
front=mid|left=ideal|right=mid|back=near,Slight-Left-Turn,front=near|left=ideal|right=mid|back=far,0.004494,0
front=mid|left=ideal|right=mid|back=near,Slight-Left-Turn,front=mid|left=ideal|right=near|back=near,0.002247,0
front=mid|left=ideal|right=mid|back=near,Slight-Left-Turn,front=mid|left=ideal|right=mid|back=near,0.793258,0
front=mid|left=ideal|right=mid|back=near,Slight-Left-Turn,front=mid|left=ideal|right=mid|back=far,0.085393,0
front=mid|left=ideal|right=mid|back=near,Slight-Left-Turn,front=mid|left=ideal|right=far|back=near,0.029213,0
front=mid|left=ideal|right=mid|back=near,Slight-Left-Turn,front=mid|left=far|right=mid|back=far,0.002247,0
front=mid|left=ideal|right=mid|back=near,Slight-Left-Turn,front=far|left=ideal|right=mid|back=near,0.031461,0
front=mid|left=ideal|right=mid|back=near,Slight-Left-Turn,front=far|left=ideal|right=far|back=far,0.002247,0
front=mid|left=ideal|right=mid|back=far,Move-Forward,front=near|left=ideal|right=mid|back=near,0.006536,2
front=mid|left=ideal|right=mid|back=far,Move-Forward,front=near|left=ideal|right=mid|back=far,0.04902,15
front=mid|left=ideal|right=mid|back=far,Move-Forward,front=mid|left=ideal|right=near|back=far,0.01634,5
front=mid|left=ideal|right=mid|back=far,Move-Forward,front=mid|left=ideal|right=mid|back=near,0.088235,27
front=mid|left=ideal|right=mid|back=far,Move-Forward,front=mid|left=ideal|right=mid|back=far,0.751634,230
front=mid|left=ideal|right=mid|back=far,Move-Forward,front=mid|left=ideal|right=far|back=far,0.052288,16
front=mid|left=ideal|right=mid|back=far,Move-Forward,front=mid|left=far|right=mid|back=far,0.009804,3
front=mid|left=ideal|right=mid|back=far,Move-Forward,front=mid|left=lost|right=mid|back=far,0.019608,6
front=mid|left=ideal|right=mid|back=far,Move-Forward,front=far|left=ideal|right=mid|back=far,0.003268,1
front=mid|left=ideal|right=mid|back=far,Move-Forward,front=far|left=far|right=mid|back=far,0.003268,1
front=mid|left=ideal|right=mid|back=far,Slight-Right-Turn,front=near|left=ideal|right=mid|back=near,0.006494,0
front=mid|left=ideal|right=mid|back=far,Slight-Right-Turn,front=near|left=ideal|right=mid|back=far,0.055195,0
front=mid|left=ideal|right=mid|back=far,Slight-Right-Turn,front=mid|left=ideal|right=near|back=far,0.016234,0
front=mid|left=ideal|right=mid|back=far,Slight-Right-Turn,front=mid|left=ideal|right=mid|back=near,0.087662,0
front=mid|left=ideal|right=mid|back=far,Slight-Right-Turn,front=mid|left=ideal|right=mid|back=far,0.746753,0
front=mid|left=ideal|right=mid|back=far,Slight-Right-Turn,front=mid|left=ideal|right=far|back=far,0.051948,0
front=mid|left=ideal|right=mid|back=far,Slight-Right-Turn,front=mid|left=far|right=mid|back=far,0.00974,0
front=mid|left=ideal|right=mid|back=far,Slight-Right-Turn,front=mid|left=lost|right=mid|back=far,0.019481,0
front=mid|left=ideal|right=mid|back=far,Slight-Right-Turn,front=far|left=ideal|right=mid|back=far,0.003247,0
front=mid|left=ideal|right=mid|back=far,Slight-Right-Turn,front=far|left=far|right=mid|back=far,0.003247,0
front=mid|left=ideal|right=mid|back=far,Sharp-Right-Turn,front=near|left=ideal|right=mid|back=far,1.0,2
front=mid|left=ideal|right=mid|back=far,Slight-Left-Turn,front=near|left=ideal|right=mid|back=near,0.006494,0
front=mid|left=ideal|right=mid|back=far,Slight-Left-Turn,front=near|left=ideal|right=mid|back=far,0.055195,0
front=mid|left=ideal|right=mid|back=far,Slight-Left-Turn,front=mid|left=ideal|right=near|back=far,0.016234,0
front=mid|left=ideal|right=mid|back=far,Slight-Left-Turn,front=mid|left=ideal|right=mid|back=near,0.087662,0
front=mid|left=ideal|right=mid|back=far,Slight-Left-Turn,front=mid|left=ideal|right=mid|back=far,0.746753,0
front=mid|left=ideal|right=mid|back=far,Slight-Left-Turn,front=mid|left=ideal|right=far|back=far,0.051948,0
front=mid|left=ideal|right=mid|back=far,Slight-Left-Turn,front=mid|left=far|right=mid|back=far,0.00974,0
front=mid|left=ideal|right=mid|back=far,Slight-Left-Turn,front=mid|left=lost|right=mid|back=far,0.019481,0
front=mid|left=ideal|right=mid|back=far,Slight-Left-Turn,front=far|left=ideal|right=mid|back=far,0.003247,0
front=mid|left=ideal|right=mid|back=far,Slight-Left-Turn,front=far|left=far|right=mid|back=far,0.003247,0
front=mid|left=ideal|right=far|back=near,Move-Forward,front=near|left=ideal|right=far|back=near,0.033557,5
front=mid|left=ideal|right=far|back=near,Move-Forward,front=mid|left=ideal|right=mid|back=near,0.080537,12
front=mid|left=ideal|right=far|back=near,Move-Forward,front=mid|left=ideal|right=mid|back=far,0.006711,1
front=mid|left=ideal|right=far|back=near,Move-Forward,front=mid|left=ideal|right=far|back=near,0.758389,113
front=mid|left=ideal|right=far|back=near,Move-Forward,front=mid|left=ideal|right=far|back=far,0.087248,13
front=mid|left=ideal|right=far|back=near,Move-Forward,front=far|left=ideal|right=far|back=near,0.033557,5
front=mid|left=ideal|right=far|back=near,Slight-Right-Turn,front=near|left=ideal|right=far|back=near,0.04,0
front=mid|left=ideal|right=far|back=near,Slight-Right-Turn,front=mid|left=ideal|right=mid|back=near,0.08,0
front=mid|left=ideal|right=far|back=near,Slight-Right-Turn,front=mid|left=ideal|right=mid|back=far,0.006667,0
front=mid|left=ideal|right=far|back=near,Slight-Right-Turn,front=mid|left=ideal|right=far|back=near,0.753333,0
front=mid|left=ideal|right=far|back=near,Slight-Right-Turn,front=mid|left=ideal|right=far|back=far,0.086667,0
front=mid|left=ideal|right=far|back=near,Slight-Right-Turn,front=far|left=ideal|right=far|back=near,0.033333,0
front=mid|left=ideal|right=far|back=near,Sharp-Right-Turn,front=near|left=ideal|right=far|back=near,1.0,1
front=mid|left=ideal|right=far|back=near,Slight-Left-Turn,front=near|left=ideal|right=far|back=near,0.04,0
front=mid|left=ideal|right=far|back=near,Slight-Left-Turn,front=mid|left=ideal|right=mid|back=near,0.08,0
front=mid|left=ideal|right=far|back=near,Slight-Left-Turn,front=mid|left=ideal|right=mid|back=far,0.006667,0
front=mid|left=ideal|right=far|back=near,Slight-Left-Turn,front=mid|left=ideal|right=far|back=near,0.753333,0
front=mid|left=ideal|right=far|back=near,Slight-Left-Turn,front=mid|left=ideal|right=far|back=far,0.086667,0
front=mid|left=ideal|right=far|back=near,Slight-Left-Turn,front=far|left=ideal|right=far|back=near,0.033333,0
front=mid|left=ideal|right=far|back=far,Move-Forward,front=near|left=ideal|right=far|back=far,0.060185,13
front=mid|left=ideal|right=far|back=far,Move-Forward,front=mid|left=too_close|right=far|back=far,0.00463,1
front=mid|left=ideal|right=far|back=far,Move-Forward,front=mid|left=ideal|right=near|back=far,0.037037,8
front=mid|left=ideal|right=far|back=far,Move-Forward,front=mid|left=ideal|right=mid|back=far,0.037037,8
front=mid|left=ideal|right=far|back=far,Move-Forward,front=mid|left=ideal|right=far|back=near,0.041667,9
front=mid|left=ideal|right=far|back=far,Move-Forward,front=mid|left=ideal|right=far|back=far,0.791667,171
front=mid|left=ideal|right=far|back=far,Move-Forward,front=mid|left=far|right=far|back=far,0.00463,1
front=mid|left=ideal|right=far|back=far,Move-Forward,front=far|left=ideal|right=far|back=far,0.023148,5
front=mid|left=ideal|right=far|back=far,Slight-Right-Turn,front=near|left=ideal|right=far|back=far,0.060185,0
front=mid|left=ideal|right=far|back=far,Slight-Right-Turn,front=mid|left=too_close|right=far|back=far,0.00463,0
front=mid|left=ideal|right=far|back=far,Slight-Right-Turn,front=mid|left=ideal|right=near|back=far,0.037037,0
front=mid|left=ideal|right=far|back=far,Slight-Right-Turn,front=mid|left=ideal|right=mid|back=far,0.037037,0
front=mid|left=ideal|right=far|back=far,Slight-Right-Turn,front=mid|left=ideal|right=far|back=near,0.041667,0
front=mid|left=ideal|right=far|back=far,Slight-Right-Turn,front=mid|left=ideal|right=far|back=far,0.791667,0
front=mid|left=ideal|right=far|back=far,Slight-Right-Turn,front=mid|left=far|right=far|back=far,0.00463,0
front=mid|left=ideal|right=far|back=far,Slight-Right-Turn,front=far|left=ideal|right=far|back=far,0.023148,0
front=mid|left=ideal|right=far|back=far,Sharp-Right-Turn,front=near|left=ideal|right=far|back=far,0.060185,0
front=mid|left=ideal|right=far|back=far,Sharp-Right-Turn,front=mid|left=too_close|right=far|back=far,0.00463,0
front=mid|left=ideal|right=far|back=far,Sharp-Right-Turn,front=mid|left=ideal|right=near|back=far,0.037037,0
front=mid|left=ideal|right=far|back=far,Sharp-Right-Turn,front=mid|left=ideal|right=mid|back=far,0.037037,0
front=mid|left=ideal|right=far|back=far,Sharp-Right-Turn,front=mid|left=ideal|right=far|back=near,0.041667,0
front=mid|left=ideal|right=far|back=far,Sharp-Right-Turn,front=mid|left=ideal|right=far|back=far,0.791667,0
front=mid|left=ideal|right=far|back=far,Sharp-Right-Turn,front=mid|left=far|right=far|back=far,0.00463,0
front=mid|left=ideal|right=far|back=far,Sharp-Right-Turn,front=far|left=ideal|right=far|back=far,0.023148,0
front=mid|left=ideal|right=far|back=far,Slight-Left-Turn,front=near|left=ideal|right=far|back=far,0.060185,0
front=mid|left=ideal|right=far|back=far,Slight-Left-Turn,front=mid|left=too_close|right=far|back=far,0.00463,0
front=mid|left=ideal|right=far|back=far,Slight-Left-Turn,front=mid|left=ideal|right=near|back=far,0.037037,0
front=mid|left=ideal|right=far|back=far,Slight-Left-Turn,front=mid|left=ideal|right=mid|back=far,0.037037,0
front=mid|left=ideal|right=far|back=far,Slight-Left-Turn,front=mid|left=ideal|right=far|back=near,0.041667,0
front=mid|left=ideal|right=far|back=far,Slight-Left-Turn,front=mid|left=ideal|right=far|back=far,0.791667,0
front=mid|left=ideal|right=far|back=far,Slight-Left-Turn,front=mid|left=far|right=far|back=far,0.00463,0
front=mid|left=ideal|right=far|back=far,Slight-Left-Turn,front=far|left=ideal|right=far|back=far,0.023148,0
front=mid|left=far|right=near|back=near,Move-Forward,front=mid|left=far|right=near|back=near,1.0,0
front=mid|left=far|right=near|back=near,Slight-Right-Turn,front=mid|left=far|right=near|back=near,1.0,0
front=mid|left=far|right=near|back=near,Sharp-Right-Turn,front=mid|left=far|right=near|back=near,1.0,0
front=mid|left=far|right=near|back=near,Slight-Left-Turn,front=mid|left=far|right=near|back=near,1.0,0
front=mid|left=far|right=near|back=far,Move-Forward,front=near|left=far|right=near|back=far,0.0625,0
front=mid|left=far|right=near|back=far,Move-Forward,front=mid|left=far|right=near|back=far,0.875,0
front=mid|left=far|right=near|back=far,Move-Forward,front=mid|left=lost|right=near|back=far,0.0625,0
front=mid|left=far|right=near|back=far,Slight-Right-Turn,front=near|left=far|right=near|back=far,0.0625,0
front=mid|left=far|right=near|back=far,Slight-Right-Turn,front=mid|left=far|right=near|back=far,0.875,0
front=mid|left=far|right=near|back=far,Slight-Right-Turn,front=mid|left=lost|right=near|back=far,0.0625,0
front=mid|left=far|right=near|back=far,Sharp-Right-Turn,front=near|left=far|right=near|back=far,0.0625,0
front=mid|left=far|right=near|back=far,Sharp-Right-Turn,front=mid|left=far|right=near|back=far,0.875,0
front=mid|left=far|right=near|back=far,Sharp-Right-Turn,front=mid|left=lost|right=near|back=far,0.0625,0
front=mid|left=far|right=near|back=far,Slight-Left-Turn,front=near|left=far|right=near|back=far,0.0625,1
front=mid|left=far|right=near|back=far,Slight-Left-Turn,front=mid|left=far|right=near|back=far,0.875,14
front=mid|left=far|right=near|back=far,Slight-Left-Turn,front=mid|left=lost|right=near|back=far,0.0625,1
front=mid|left=far|right=mid|back=near,Move-Forward,front=far|left=far|right=mid|back=near,1.0,0
front=mid|left=far|right=mid|back=near,Slight-Right-Turn,front=far|left=far|right=mid|back=near,1.0,0
front=mid|left=far|right=mid|back=near,Sharp-Right-Turn,front=far|left=far|right=mid|back=near,1.0,0
front=mid|left=far|right=mid|back=near,Slight-Left-Turn,front=far|left=far|right=mid|back=near,1.0,1
front=mid|left=far|right=mid|back=far,Move-Forward,front=mid|left=ideal|right=far|back=far,0.5,1
front=mid|left=far|right=mid|back=far,Move-Forward,front=mid|left=far|right=mid|back=far,0.5,1
front=mid|left=far|right=mid|back=far,Slight-Right-Turn,front=near|left=far|right=mid|back=far,0.030303,0
front=mid|left=far|right=mid|back=far,Slight-Right-Turn,front=mid|left=ideal|right=far|back=far,0.030303,0
front=mid|left=far|right=mid|back=far,Slight-Right-Turn,front=mid|left=far|right=near|back=far,0.030303,0
front=mid|left=far|right=mid|back=far,Slight-Right-Turn,front=mid|left=far|right=mid|back=far,0.757576,0
front=mid|left=far|right=mid|back=far,Slight-Right-Turn,front=mid|left=far|right=far|back=far,0.030303,0
front=mid|left=far|right=mid|back=far,Slight-Right-Turn,front=mid|left=lost|right=mid|back=far,0.121212,0
front=mid|left=far|right=mid|back=far,Sharp-Right-Turn,front=near|left=far|right=mid|back=far,0.030303,0
front=mid|left=far|right=mid|back=far,Sharp-Right-Turn,front=mid|left=ideal|right=far|back=far,0.030303,0
front=mid|left=far|right=mid|back=far,Sharp-Right-Turn,front=mid|left=far|right=near|back=far,0.030303,0
front=mid|left=far|right=mid|back=far,Sharp-Right-Turn,front=mid|left=far|right=mid|back=far,0.757576,0
front=mid|left=far|right=mid|back=far,Sharp-Right-Turn,front=mid|left=far|right=far|back=far,0.030303,0
front=mid|left=far|right=mid|back=far,Sharp-Right-Turn,front=mid|left=lost|right=mid|back=far,0.121212,0
front=mid|left=far|right=mid|back=far,Slight-Left-Turn,front=near|left=far|right=mid|back=far,0.032258,1
front=mid|left=far|right=mid|back=far,Slight-Left-Turn,front=mid|left=far|right=near|back=far,0.032258,1
front=mid|left=far|right=mid|back=far,Slight-Left-Turn,front=mid|left=far|right=mid|back=far,0.774194,24
front=mid|left=far|right=mid|back=far,Slight-Left-Turn,front=mid|left=far|right=far|back=far,0.032258,1
front=mid|left=far|right=mid|back=far,Slight-Left-Turn,front=mid|left=lost|right=mid|back=far,0.129032,4
front=mid|left=far|right=far|back=near,Move-Forward,front=mid|left=far|right=far|back=near,1.0,0
front=mid|left=far|right=far|back=near,Slight-Right-Turn,front=mid|left=far|right=far|back=near,1.0,0
front=mid|left=far|right=far|back=near,Sharp-Right-Turn,front=mid|left=far|right=far|back=near,1.0,0
front=mid|left=far|right=far|back=near,Slight-Left-Turn,front=mid|left=far|right=far|back=near,1.0,0
front=mid|left=far|right=far|back=far,Move-Forward,front=near|left=far|right=far|back=far,0.1,0
front=mid|left=far|right=far|back=far,Move-Forward,front=mid|left=far|right=mid|back=far,0.1,0
front=mid|left=far|right=far|back=far,Move-Forward,front=mid|left=far|right=far|back=far,0.8,0
front=mid|left=far|right=far|back=far,Slight-Right-Turn,front=near|left=far|right=far|back=far,0.1,0
front=mid|left=far|right=far|back=far,Slight-Right-Turn,front=mid|left=far|right=mid|back=far,0.1,0
front=mid|left=far|right=far|back=far,Slight-Right-Turn,front=mid|left=far|right=far|back=far,0.8,0
front=mid|left=far|right=far|back=far,Sharp-Right-Turn,front=near|left=far|right=far|back=far,0.1,0
front=mid|left=far|right=far|back=far,Sharp-Right-Turn,front=mid|left=far|right=mid|back=far,0.1,0
front=mid|left=far|right=far|back=far,Sharp-Right-Turn,front=mid|left=far|right=far|back=far,0.8,0
front=mid|left=far|right=far|back=far,Slight-Left-Turn,front=near|left=far|right=far|back=far,0.1,1
front=mid|left=far|right=far|back=far,Slight-Left-Turn,front=mid|left=far|right=mid|back=far,0.1,1
front=mid|left=far|right=far|back=far,Slight-Left-Turn,front=mid|left=far|right=far|back=far,0.8,8
front=mid|left=lost|right=near|back=near,Move-Forward,front=mid|left=lost|right=near|back=near,1.0,0
front=mid|left=lost|right=near|back=near,Slight-Right-Turn,front=mid|left=lost|right=near|back=near,1.0,0
front=mid|left=lost|right=near|back=near,Sharp-Right-Turn,front=mid|left=lost|right=near|back=near,1.0,0
front=mid|left=lost|right=near|back=near,Slight-Left-Turn,front=mid|left=lost|right=near|back=near,1.0,0
front=mid|left=lost|right=near|back=far,Move-Forward,front=mid|left=far|right=near|back=far,1.0,0
front=mid|left=lost|right=near|back=far,Slight-Right-Turn,front=mid|left=far|right=near|back=far,1.0,0
front=mid|left=lost|right=near|back=far,Sharp-Right-Turn,front=mid|left=far|right=near|back=far,1.0,0
front=mid|left=lost|right=near|back=far,Slight-Left-Turn,front=mid|left=far|right=near|back=far,1.0,1
front=mid|left=lost|right=mid|back=near,Move-Forward,front=mid|left=lost|right=mid|back=near,1.0,0
front=mid|left=lost|right=mid|back=near,Slight-Right-Turn,front=mid|left=lost|right=mid|back=near,1.0,0
front=mid|left=lost|right=mid|back=near,Sharp-Right-Turn,front=mid|left=lost|right=mid|back=near,1.0,0
front=mid|left=lost|right=mid|back=near,Slight-Left-Turn,front=mid|left=lost|right=mid|back=near,1.0,0
front=mid|left=lost|right=mid|back=far,Move-Forward,front=mid|left=ideal|right=mid|back=far,0.173913,0
front=mid|left=lost|right=mid|back=far,Move-Forward,front=mid|left=far|right=mid|back=far,0.043478,0
front=mid|left=lost|right=mid|back=far,Move-Forward,front=mid|left=lost|right=mid|back=far,0.782609,0
front=mid|left=lost|right=mid|back=far,Slight-Right-Turn,front=mid|left=ideal|right=mid|back=far,0.173913,0
front=mid|left=lost|right=mid|back=far,Slight-Right-Turn,front=mid|left=far|right=mid|back=far,0.043478,0
front=mid|left=lost|right=mid|back=far,Slight-Right-Turn,front=mid|left=lost|right=mid|back=far,0.782609,0
front=mid|left=lost|right=mid|back=far,Sharp-Right-Turn,front=mid|left=ideal|right=mid|back=far,0.173913,0
front=mid|left=lost|right=mid|back=far,Sharp-Right-Turn,front=mid|left=far|right=mid|back=far,0.043478,0
front=mid|left=lost|right=mid|back=far,Sharp-Right-Turn,front=mid|left=lost|right=mid|back=far,0.782609,0
front=mid|left=lost|right=mid|back=far,Slight-Left-Turn,front=mid|left=ideal|right=mid|back=far,0.173913,8
front=mid|left=lost|right=mid|back=far,Slight-Left-Turn,front=mid|left=far|right=mid|back=far,0.043478,2
front=mid|left=lost|right=mid|back=far,Slight-Left-Turn,front=mid|left=lost|right=mid|back=far,0.782609,36
front=mid|left=lost|right=far|back=near,Move-Forward,front=mid|left=lost|right=far|back=near,1.0,0
front=mid|left=lost|right=far|back=near,Slight-Right-Turn,front=mid|left=lost|right=far|back=near,1.0,0
front=mid|left=lost|right=far|back=near,Sharp-Right-Turn,front=mid|left=lost|right=far|back=near,1.0,0
front=mid|left=lost|right=far|back=near,Slight-Left-Turn,front=mid|left=lost|right=far|back=near,1.0,0
front=mid|left=lost|right=far|back=far,Move-Forward,front=mid|left=lost|right=far|back=far,1.0,0
front=mid|left=lost|right=far|back=far,Slight-Right-Turn,front=mid|left=lost|right=far|back=far,1.0,0
front=mid|left=lost|right=far|back=far,Sharp-Right-Turn,front=mid|left=lost|right=far|back=far,1.0,0
front=mid|left=lost|right=far|back=far,Slight-Left-Turn,front=mid|left=lost|right=far|back=far,1.0,0
front=far|left=too_close|right=near|back=near,Move-Forward,front=far|left=too_close|right=near|back=near,1.0,0
front=far|left=too_close|right=near|back=near,Slight-Right-Turn,front=far|left=too_close|right=near|back=near,1.0,0
front=far|left=too_close|right=near|back=near,Sharp-Right-Turn,front=far|left=too_close|right=near|back=near,1.0,0
front=far|left=too_close|right=near|back=near,Slight-Left-Turn,front=far|left=too_close|right=near|back=near,1.0,0
front=far|left=too_close|right=near|back=far,Move-Forward,front=far|left=too_close|right=near|back=far,1.0,0
front=far|left=too_close|right=near|back=far,Slight-Right-Turn,front=far|left=too_close|right=near|back=far,1.0,0
front=far|left=too_close|right=near|back=far,Sharp-Right-Turn,front=far|left=too_close|right=near|back=far,1.0,0
front=far|left=too_close|right=near|back=far,Slight-Left-Turn,front=far|left=too_close|right=near|back=far,1.0,0
front=far|left=too_close|right=mid|back=near,Move-Forward,front=far|left=too_close|right=mid|back=near,0.666667,2
front=far|left=too_close|right=mid|back=near,Move-Forward,front=far|left=too_close|right=far|back=near,0.333333,1
front=far|left=too_close|right=mid|back=near,Slight-Right-Turn,front=near|left=too_close|right=mid|back=near,0.031746,2
front=far|left=too_close|right=mid|back=near,Slight-Right-Turn,front=mid|left=too_close|right=mid|back=near,0.079365,5
front=far|left=too_close|right=mid|back=near,Slight-Right-Turn,front=mid|left=too_close|right=mid|back=far,0.015873,1
front=far|left=too_close|right=mid|back=near,Slight-Right-Turn,front=mid|left=ideal|right=mid|back=near,0.015873,1
front=far|left=too_close|right=mid|back=near,Slight-Right-Turn,front=far|left=too_close|right=mid|back=near,0.730159,46
front=far|left=too_close|right=mid|back=near,Slight-Right-Turn,front=far|left=too_close|right=mid|back=far,0.031746,2
front=far|left=too_close|right=mid|back=near,Slight-Right-Turn,front=far|left=too_close|right=far|back=near,0.015873,1
front=far|left=too_close|right=mid|back=near,Slight-Right-Turn,front=far|left=ideal|right=mid|back=near,0.079365,5
front=far|left=too_close|right=mid|back=near,Sharp-Right-Turn,front=near|left=too_close|right=mid|back=near,0.030303,0
front=far|left=too_close|right=mid|back=near,Sharp-Right-Turn,front=mid|left=too_close|right=mid|back=near,0.075758,0
front=far|left=too_close|right=mid|back=near,Sharp-Right-Turn,front=mid|left=too_close|right=mid|back=far,0.015152,0
front=far|left=too_close|right=mid|back=near,Sharp-Right-Turn,front=mid|left=ideal|right=mid|back=near,0.015152,0
front=far|left=too_close|right=mid|back=near,Sharp-Right-Turn,front=far|left=too_close|right=mid|back=near,0.727273,0
front=far|left=too_close|right=mid|back=near,Sharp-Right-Turn,front=far|left=too_close|right=mid|back=far,0.030303,0
front=far|left=too_close|right=mid|back=near,Sharp-Right-Turn,front=far|left=too_close|right=far|back=near,0.030303,0
front=far|left=too_close|right=mid|back=near,Sharp-Right-Turn,front=far|left=ideal|right=mid|back=near,0.075758,0
front=far|left=too_close|right=mid|back=near,Slight-Left-Turn,front=near|left=too_close|right=mid|back=near,0.030303,0
front=far|left=too_close|right=mid|back=near,Slight-Left-Turn,front=mid|left=too_close|right=mid|back=near,0.075758,0
front=far|left=too_close|right=mid|back=near,Slight-Left-Turn,front=mid|left=too_close|right=mid|back=far,0.015152,0
front=far|left=too_close|right=mid|back=near,Slight-Left-Turn,front=mid|left=ideal|right=mid|back=near,0.015152,0
front=far|left=too_close|right=mid|back=near,Slight-Left-Turn,front=far|left=too_close|right=mid|back=near,0.727273,0
front=far|left=too_close|right=mid|back=near,Slight-Left-Turn,front=far|left=too_close|right=mid|back=far,0.030303,0
front=far|left=too_close|right=mid|back=near,Slight-Left-Turn,front=far|left=too_close|right=far|back=near,0.030303,0
front=far|left=too_close|right=mid|back=near,Slight-Left-Turn,front=far|left=ideal|right=mid|back=near,0.075758,0
front=far|left=too_close|right=mid|back=far,Move-Forward,front=far|left=too_close|right=mid|back=far,0.75,6
front=far|left=too_close|right=mid|back=far,Move-Forward,front=far|left=ideal|right=mid|back=far,0.125,1
front=far|left=too_close|right=mid|back=far,Move-Forward,front=far|left=far|right=mid|back=far,0.125,1
front=far|left=too_close|right=mid|back=far,Slight-Right-Turn,front=near|left=too_close|right=mid|back=far,0.023364,5
front=far|left=too_close|right=mid|back=far,Slight-Right-Turn,front=near|left=too_close|right=far|back=far,0.004673,1
front=far|left=too_close|right=mid|back=far,Slight-Right-Turn,front=mid|left=too_close|right=mid|back=far,0.070093,15
front=far|left=too_close|right=mid|back=far,Slight-Right-Turn,front=far|left=too_close|right=mid|back=near,0.004673,1
front=far|left=too_close|right=mid|back=far,Slight-Right-Turn,front=far|left=too_close|right=mid|back=far,0.817757,175
front=far|left=too_close|right=mid|back=far,Slight-Right-Turn,front=far|left=too_close|right=far|back=far,0.028037,6
front=far|left=too_close|right=mid|back=far,Slight-Right-Turn,front=far|left=ideal|right=mid|back=far,0.046729,10
front=far|left=too_close|right=mid|back=far,Slight-Right-Turn,front=far|left=far|right=mid|back=far,0.004673,1
front=far|left=too_close|right=mid|back=far,Sharp-Right-Turn,front=near|left=too_close|right=mid|back=far,0.022523,0
front=far|left=too_close|right=mid|back=far,Sharp-Right-Turn,front=near|left=too_close|right=far|back=far,0.004505,0
front=far|left=too_close|right=mid|back=far,Sharp-Right-Turn,front=mid|left=too_close|right=mid|back=far,0.067568,0
front=far|left=too_close|right=mid|back=far,Sharp-Right-Turn,front=far|left=too_close|right=mid|back=near,0.004505,0
front=far|left=too_close|right=mid|back=far,Sharp-Right-Turn,front=far|left=too_close|right=mid|back=far,0.815315,0
front=far|left=too_close|right=mid|back=far,Sharp-Right-Turn,front=far|left=too_close|right=far|back=far,0.027027,0
front=far|left=too_close|right=mid|back=far,Sharp-Right-Turn,front=far|left=ideal|right=mid|back=far,0.04955,0
front=far|left=too_close|right=mid|back=far,Sharp-Right-Turn,front=far|left=far|right=mid|back=far,0.009009,0
front=far|left=too_close|right=mid|back=far,Slight-Left-Turn,front=near|left=too_close|right=mid|back=far,0.022523,0
front=far|left=too_close|right=mid|back=far,Slight-Left-Turn,front=near|left=too_close|right=far|back=far,0.004505,0
front=far|left=too_close|right=mid|back=far,Slight-Left-Turn,front=mid|left=too_close|right=mid|back=far,0.067568,0
front=far|left=too_close|right=mid|back=far,Slight-Left-Turn,front=far|left=too_close|right=mid|back=near,0.004505,0
front=far|left=too_close|right=mid|back=far,Slight-Left-Turn,front=far|left=too_close|right=mid|back=far,0.815315,0
front=far|left=too_close|right=mid|back=far,Slight-Left-Turn,front=far|left=too_close|right=far|back=far,0.027027,0
front=far|left=too_close|right=mid|back=far,Slight-Left-Turn,front=far|left=ideal|right=mid|back=far,0.04955,0
front=far|left=too_close|right=mid|back=far,Slight-Left-Turn,front=far|left=far|right=mid|back=far,0.009009,0
front=far|left=too_close|right=far|back=near,Move-Forward,front=near|left=too_close|right=far|back=near,0.026667,0
front=far|left=too_close|right=far|back=near,Move-Forward,front=mid|left=too_close|right=far|back=near,0.106667,0
front=far|left=too_close|right=far|back=near,Move-Forward,front=far|left=too_close|right=mid|back=near,0.026667,0
front=far|left=too_close|right=far|back=near,Move-Forward,front=far|left=too_close|right=far|back=near,0.72,0
front=far|left=too_close|right=far|back=near,Move-Forward,front=far|left=ideal|right=far|back=near,0.12,0
front=far|left=too_close|right=far|back=near,Slight-Right-Turn,front=near|left=too_close|right=far|back=near,0.026667,2
front=far|left=too_close|right=far|back=near,Slight-Right-Turn,front=mid|left=too_close|right=far|back=near,0.106667,8
front=far|left=too_close|right=far|back=near,Slight-Right-Turn,front=far|left=too_close|right=mid|back=near,0.026667,2
front=far|left=too_close|right=far|back=near,Slight-Right-Turn,front=far|left=too_close|right=far|back=near,0.72,54
front=far|left=too_close|right=far|back=near,Slight-Right-Turn,front=far|left=ideal|right=far|back=near,0.12,9
front=far|left=too_close|right=far|back=near,Sharp-Right-Turn,front=near|left=too_close|right=far|back=near,0.026667,0
front=far|left=too_close|right=far|back=near,Sharp-Right-Turn,front=mid|left=too_close|right=far|back=near,0.106667,0
front=far|left=too_close|right=far|back=near,Sharp-Right-Turn,front=far|left=too_close|right=mid|back=near,0.026667,0
front=far|left=too_close|right=far|back=near,Sharp-Right-Turn,front=far|left=too_close|right=far|back=near,0.72,0
front=far|left=too_close|right=far|back=near,Sharp-Right-Turn,front=far|left=ideal|right=far|back=near,0.12,0
front=far|left=too_close|right=far|back=near,Slight-Left-Turn,front=near|left=too_close|right=far|back=near,0.026667,0
front=far|left=too_close|right=far|back=near,Slight-Left-Turn,front=mid|left=too_close|right=far|back=near,0.106667,0
front=far|left=too_close|right=far|back=near,Slight-Left-Turn,front=far|left=too_close|right=mid|back=near,0.026667,0
front=far|left=too_close|right=far|back=near,Slight-Left-Turn,front=far|left=too_close|right=far|back=near,0.72,0
front=far|left=too_close|right=far|back=near,Slight-Left-Turn,front=far|left=ideal|right=far|back=near,0.12,0
front=far|left=too_close|right=far|back=far,Move-Forward,front=far|left=ideal|right=far|back=far,1.0,1
front=far|left=too_close|right=far|back=far,Slight-Right-Turn,front=near|left=too_close|right=far|back=far,0.037037,1
front=far|left=too_close|right=far|back=far,Slight-Right-Turn,front=far|left=too_close|right=mid|back=far,0.185185,5
front=far|left=too_close|right=far|back=far,Slight-Right-Turn,front=far|left=too_close|right=far|back=far,0.777778,21
front=far|left=too_close|right=far|back=far,Sharp-Right-Turn,front=near|left=too_close|right=far|back=far,0.035714,0
front=far|left=too_close|right=far|back=far,Sharp-Right-Turn,front=far|left=too_close|right=mid|back=far,0.178571,0
front=far|left=too_close|right=far|back=far,Sharp-Right-Turn,front=far|left=too_close|right=far|back=far,0.75,0
front=far|left=too_close|right=far|back=far,Sharp-Right-Turn,front=far|left=ideal|right=far|back=far,0.035714,0
front=far|left=too_close|right=far|back=far,Slight-Left-Turn,front=near|left=too_close|right=far|back=far,0.035714,0
front=far|left=too_close|right=far|back=far,Slight-Left-Turn,front=far|left=too_close|right=mid|back=far,0.178571,0
front=far|left=too_close|right=far|back=far,Slight-Left-Turn,front=far|left=too_close|right=far|back=far,0.75,0
front=far|left=too_close|right=far|back=far,Slight-Left-Turn,front=far|left=ideal|right=far|back=far,0.035714,0
front=far|left=ideal|right=near|back=near,Move-Forward,front=far|left=ideal|right=near|back=near,1.0,0
front=far|left=ideal|right=near|back=near,Slight-Right-Turn,front=far|left=ideal|right=near|back=near,1.0,0
front=far|left=ideal|right=near|back=near,Sharp-Right-Turn,front=far|left=ideal|right=near|back=near,1.0,0
front=far|left=ideal|right=near|back=near,Slight-Left-Turn,front=far|left=ideal|right=near|back=near,1.0,0
front=far|left=ideal|right=near|back=far,Move-Forward,front=far|left=ideal|right=near|back=far,1.0,0
front=far|left=ideal|right=near|back=far,Slight-Right-Turn,front=far|left=ideal|right=near|back=far,1.0,0
front=far|left=ideal|right=near|back=far,Sharp-Right-Turn,front=far|left=ideal|right=near|back=far,1.0,0
front=far|left=ideal|right=near|back=far,Slight-Left-Turn,front=far|left=ideal|right=near|back=far,1.0,0
front=far|left=ideal|right=mid|back=near,Move-Forward,front=near|left=ideal|right=mid|back=near,0.035608,12
front=far|left=ideal|right=mid|back=near,Move-Forward,front=near|left=ideal|right=far|back=near,0.002967,1
front=far|left=ideal|right=mid|back=near,Move-Forward,front=mid|left=ideal|right=mid|back=near,0.05638,19
front=far|left=ideal|right=mid|back=near,Move-Forward,front=far|left=too_close|right=mid|back=near,0.008902,3
front=far|left=ideal|right=mid|back=near,Move-Forward,front=far|left=ideal|right=mid|back=near,0.863501,291
front=far|left=ideal|right=mid|back=near,Move-Forward,front=far|left=ideal|right=mid|back=far,0.020772,7
front=far|left=ideal|right=mid|back=near,Move-Forward,front=far|left=ideal|right=far|back=near,0.008902,3
front=far|left=ideal|right=mid|back=near,Move-Forward,front=far|left=ideal|right=far|back=far,0.002967,1
front=far|left=ideal|right=mid|back=near,Slight-Right-Turn,front=near|left=ideal|right=mid|back=near,0.035608,0
front=far|left=ideal|right=mid|back=near,Slight-Right-Turn,front=near|left=ideal|right=far|back=near,0.002967,0
front=far|left=ideal|right=mid|back=near,Slight-Right-Turn,front=mid|left=ideal|right=mid|back=near,0.05638,0
front=far|left=ideal|right=mid|back=near,Slight-Right-Turn,front=far|left=too_close|right=mid|back=near,0.008902,0
front=far|left=ideal|right=mid|back=near,Slight-Right-Turn,front=far|left=ideal|right=mid|back=near,0.863501,0
front=far|left=ideal|right=mid|back=near,Slight-Right-Turn,front=far|left=ideal|right=mid|back=far,0.020772,0
front=far|left=ideal|right=mid|back=near,Slight-Right-Turn,front=far|left=ideal|right=far|back=near,0.008902,0
front=far|left=ideal|right=mid|back=near,Slight-Right-Turn,front=far|left=ideal|right=far|back=far,0.002967,0
front=far|left=ideal|right=mid|back=near,Sharp-Right-Turn,front=near|left=ideal|right=mid|back=near,0.035608,0
front=far|left=ideal|right=mid|back=near,Sharp-Right-Turn,front=near|left=ideal|right=far|back=near,0.002967,0
front=far|left=ideal|right=mid|back=near,Sharp-Right-Turn,front=mid|left=ideal|right=mid|back=near,0.05638,0
front=far|left=ideal|right=mid|back=near,Sharp-Right-Turn,front=far|left=too_close|right=mid|back=near,0.008902,0
front=far|left=ideal|right=mid|back=near,Sharp-Right-Turn,front=far|left=ideal|right=mid|back=near,0.863501,0
front=far|left=ideal|right=mid|back=near,Sharp-Right-Turn,front=far|left=ideal|right=mid|back=far,0.020772,0
front=far|left=ideal|right=mid|back=near,Sharp-Right-Turn,front=far|left=ideal|right=far|back=near,0.008902,0
front=far|left=ideal|right=mid|back=near,Sharp-Right-Turn,front=far|left=ideal|right=far|back=far,0.002967,0
front=far|left=ideal|right=mid|back=near,Slight-Left-Turn,front=near|left=ideal|right=mid|back=near,0.035608,0
front=far|left=ideal|right=mid|back=near,Slight-Left-Turn,front=near|left=ideal|right=far|back=near,0.002967,0
front=far|left=ideal|right=mid|back=near,Slight-Left-Turn,front=mid|left=ideal|right=mid|back=near,0.05638,0
front=far|left=ideal|right=mid|back=near,Slight-Left-Turn,front=far|left=too_close|right=mid|back=near,0.008902,0
front=far|left=ideal|right=mid|back=near,Slight-Left-Turn,front=far|left=ideal|right=mid|back=near,0.863501,0
front=far|left=ideal|right=mid|back=near,Slight-Left-Turn,front=far|left=ideal|right=mid|back=far,0.020772,0
front=far|left=ideal|right=mid|back=near,Slight-Left-Turn,front=far|left=ideal|right=far|back=near,0.008902,0
front=far|left=ideal|right=mid|back=near,Slight-Left-Turn,front=far|left=ideal|right=far|back=far,0.002967,0
front=far|left=ideal|right=mid|back=far,Move-Forward,front=near|left=too_close|right=mid|back=far,0.007634,1
front=far|left=ideal|right=mid|back=far,Move-Forward,front=near|left=ideal|right=mid|back=far,0.007634,1
front=far|left=ideal|right=mid|back=far,Move-Forward,front=mid|left=ideal|right=mid|back=near,0.007634,1
front=far|left=ideal|right=mid|back=far,Move-Forward,front=mid|left=ideal|right=mid|back=far,0.030534,4
front=far|left=ideal|right=mid|back=far,Move-Forward,front=far|left=too_close|right=mid|back=far,0.091603,12
front=far|left=ideal|right=mid|back=far,Move-Forward,front=far|left=ideal|right=mid|back=near,0.007634,1
front=far|left=ideal|right=mid|back=far,Move-Forward,front=far|left=ideal|right=mid|back=far,0.80916,106
front=far|left=ideal|right=mid|back=far,Move-Forward,front=far|left=ideal|right=far|back=near,0.007634,1
front=far|left=ideal|right=mid|back=far,Move-Forward,front=far|left=ideal|right=far|back=far,0.007634,1
front=far|left=ideal|right=mid|back=far,Move-Forward,front=far|left=far|right=mid|back=far,0.015267,2
front=far|left=ideal|right=mid|back=far,Move-Forward,front=far|left=lost|right=mid|back=far,0.007634,1
front=far|left=ideal|right=mid|back=far,Slight-Right-Turn,front=near|left=too_close|right=mid|back=far,0.007634,0
front=far|left=ideal|right=mid|back=far,Slight-Right-Turn,front=near|left=ideal|right=mid|back=far,0.007634,0
front=far|left=ideal|right=mid|back=far,Slight-Right-Turn,front=mid|left=ideal|right=mid|back=near,0.007634,0
front=far|left=ideal|right=mid|back=far,Slight-Right-Turn,front=mid|left=ideal|right=mid|back=far,0.030534,0
front=far|left=ideal|right=mid|back=far,Slight-Right-Turn,front=far|left=too_close|right=mid|back=far,0.091603,0
front=far|left=ideal|right=mid|back=far,Slight-Right-Turn,front=far|left=ideal|right=mid|back=near,0.007634,0
front=far|left=ideal|right=mid|back=far,Slight-Right-Turn,front=far|left=ideal|right=mid|back=far,0.80916,0
front=far|left=ideal|right=mid|back=far,Slight-Right-Turn,front=far|left=ideal|right=far|back=near,0.007634,0
front=far|left=ideal|right=mid|back=far,Slight-Right-Turn,front=far|left=ideal|right=far|back=far,0.007634,0
front=far|left=ideal|right=mid|back=far,Slight-Right-Turn,front=far|left=far|right=mid|back=far,0.015267,0
front=far|left=ideal|right=mid|back=far,Slight-Right-Turn,front=far|left=lost|right=mid|back=far,0.007634,0
front=far|left=ideal|right=mid|back=far,Sharp-Right-Turn,front=near|left=too_close|right=mid|back=far,0.007634,0
front=far|left=ideal|right=mid|back=far,Sharp-Right-Turn,front=near|left=ideal|right=mid|back=far,0.007634,0
front=far|left=ideal|right=mid|back=far,Sharp-Right-Turn,front=mid|left=ideal|right=mid|back=near,0.007634,0
front=far|left=ideal|right=mid|back=far,Sharp-Right-Turn,front=mid|left=ideal|right=mid|back=far,0.030534,0
front=far|left=ideal|right=mid|back=far,Sharp-Right-Turn,front=far|left=too_close|right=mid|back=far,0.091603,0
front=far|left=ideal|right=mid|back=far,Sharp-Right-Turn,front=far|left=ideal|right=mid|back=near,0.007634,0
front=far|left=ideal|right=mid|back=far,Sharp-Right-Turn,front=far|left=ideal|right=mid|back=far,0.80916,0
front=far|left=ideal|right=mid|back=far,Sharp-Right-Turn,front=far|left=ideal|right=far|back=near,0.007634,0
front=far|left=ideal|right=mid|back=far,Sharp-Right-Turn,front=far|left=ideal|right=far|back=far,0.007634,0
front=far|left=ideal|right=mid|back=far,Sharp-Right-Turn,front=far|left=far|right=mid|back=far,0.015267,0
front=far|left=ideal|right=mid|back=far,Sharp-Right-Turn,front=far|left=lost|right=mid|back=far,0.007634,0
front=far|left=ideal|right=mid|back=far,Slight-Left-Turn,front=near|left=too_close|right=mid|back=far,0.007634,0
front=far|left=ideal|right=mid|back=far,Slight-Left-Turn,front=near|left=ideal|right=mid|back=far,0.007634,0
front=far|left=ideal|right=mid|back=far,Slight-Left-Turn,front=mid|left=ideal|right=mid|back=near,0.007634,0
front=far|left=ideal|right=mid|back=far,Slight-Left-Turn,front=mid|left=ideal|right=mid|back=far,0.030534,0
front=far|left=ideal|right=mid|back=far,Slight-Left-Turn,front=far|left=too_close|right=mid|back=far,0.091603,0
front=far|left=ideal|right=mid|back=far,Slight-Left-Turn,front=far|left=ideal|right=mid|back=near,0.007634,0
front=far|left=ideal|right=mid|back=far,Slight-Left-Turn,front=far|left=ideal|right=mid|back=far,0.80916,0
front=far|left=ideal|right=mid|back=far,Slight-Left-Turn,front=far|left=ideal|right=far|back=near,0.007634,0
front=far|left=ideal|right=mid|back=far,Slight-Left-Turn,front=far|left=ideal|right=far|back=far,0.007634,0
front=far|left=ideal|right=mid|back=far,Slight-Left-Turn,front=far|left=far|right=mid|back=far,0.015267,0
front=far|left=ideal|right=mid|back=far,Slight-Left-Turn,front=far|left=lost|right=mid|back=far,0.007634,0
front=far|left=ideal|right=far|back=near,Move-Forward,front=near|left=too_close|right=far|back=near,0.010417,1
front=far|left=ideal|right=far|back=near,Move-Forward,front=mid|left=ideal|right=far|back=near,0.041667,4
front=far|left=ideal|right=far|back=near,Move-Forward,front=mid|left=ideal|right=far|back=far,0.010417,1
front=far|left=ideal|right=far|back=near,Move-Forward,front=far|left=too_close|right=far|back=near,0.083333,8
front=far|left=ideal|right=far|back=near,Move-Forward,front=far|left=ideal|right=mid|back=near,0.0625,6
front=far|left=ideal|right=far|back=near,Move-Forward,front=far|left=ideal|right=far|back=near,0.78125,75
front=far|left=ideal|right=far|back=near,Move-Forward,front=far|left=ideal|right=far|back=far,0.010417,1
front=far|left=ideal|right=far|back=near,Slight-Right-Turn,front=near|left=too_close|right=far|back=near,0.010417,0
front=far|left=ideal|right=far|back=near,Slight-Right-Turn,front=mid|left=ideal|right=far|back=near,0.041667,0
front=far|left=ideal|right=far|back=near,Slight-Right-Turn,front=mid|left=ideal|right=far|back=far,0.010417,0
front=far|left=ideal|right=far|back=near,Slight-Right-Turn,front=far|left=too_close|right=far|back=near,0.083333,0
front=far|left=ideal|right=far|back=near,Slight-Right-Turn,front=far|left=ideal|right=mid|back=near,0.0625,0
front=far|left=ideal|right=far|back=near,Slight-Right-Turn,front=far|left=ideal|right=far|back=near,0.78125,0
front=far|left=ideal|right=far|back=near,Slight-Right-Turn,front=far|left=ideal|right=far|back=far,0.010417,0
front=far|left=ideal|right=far|back=near,Sharp-Right-Turn,front=near|left=too_close|right=far|back=near,0.010417,0
front=far|left=ideal|right=far|back=near,Sharp-Right-Turn,front=mid|left=ideal|right=far|back=near,0.041667,0
front=far|left=ideal|right=far|back=near,Sharp-Right-Turn,front=mid|left=ideal|right=far|back=far,0.010417,0
front=far|left=ideal|right=far|back=near,Sharp-Right-Turn,front=far|left=too_close|right=far|back=near,0.083333,0
front=far|left=ideal|right=far|back=near,Sharp-Right-Turn,front=far|left=ideal|right=mid|back=near,0.0625,0
front=far|left=ideal|right=far|back=near,Sharp-Right-Turn,front=far|left=ideal|right=far|back=near,0.78125,0
front=far|left=ideal|right=far|back=near,Sharp-Right-Turn,front=far|left=ideal|right=far|back=far,0.010417,0
front=far|left=ideal|right=far|back=near,Slight-Left-Turn,front=near|left=too_close|right=far|back=near,0.010417,0
front=far|left=ideal|right=far|back=near,Slight-Left-Turn,front=mid|left=ideal|right=far|back=near,0.041667,0
front=far|left=ideal|right=far|back=near,Slight-Left-Turn,front=mid|left=ideal|right=far|back=far,0.010417,0
front=far|left=ideal|right=far|back=near,Slight-Left-Turn,front=far|left=too_close|right=far|back=near,0.083333,0
front=far|left=ideal|right=far|back=near,Slight-Left-Turn,front=far|left=ideal|right=mid|back=near,0.0625,0
front=far|left=ideal|right=far|back=near,Slight-Left-Turn,front=far|left=ideal|right=far|back=near,0.78125,0
front=far|left=ideal|right=far|back=near,Slight-Left-Turn,front=far|left=ideal|right=far|back=far,0.010417,0
front=far|left=ideal|right=far|back=far,Move-Forward,front=mid|left=ideal|right=mid|back=far,0.071429,1
front=far|left=ideal|right=far|back=far,Move-Forward,front=mid|left=ideal|right=far|back=near,0.071429,1
front=far|left=ideal|right=far|back=far,Move-Forward,front=mid|left=ideal|right=far|back=far,0.285714,4
front=far|left=ideal|right=far|back=far,Move-Forward,front=far|left=too_close|right=far|back=far,0.071429,1
front=far|left=ideal|right=far|back=far,Move-Forward,front=far|left=ideal|right=mid|back=far,0.214286,3
front=far|left=ideal|right=far|back=far,Move-Forward,front=far|left=ideal|right=far|back=far,0.285714,4
front=far|left=ideal|right=far|back=far,Slight-Right-Turn,front=mid|left=ideal|right=mid|back=far,0.071429,0
front=far|left=ideal|right=far|back=far,Slight-Right-Turn,front=mid|left=ideal|right=far|back=near,0.071429,0
front=far|left=ideal|right=far|back=far,Slight-Right-Turn,front=mid|left=ideal|right=far|back=far,0.285714,0
front=far|left=ideal|right=far|back=far,Slight-Right-Turn,front=far|left=too_close|right=far|back=far,0.071429,0
front=far|left=ideal|right=far|back=far,Slight-Right-Turn,front=far|left=ideal|right=mid|back=far,0.214286,0
front=far|left=ideal|right=far|back=far,Slight-Right-Turn,front=far|left=ideal|right=far|back=far,0.285714,0
front=far|left=ideal|right=far|back=far,Sharp-Right-Turn,front=mid|left=ideal|right=mid|back=far,0.071429,0
front=far|left=ideal|right=far|back=far,Sharp-Right-Turn,front=mid|left=ideal|right=far|back=near,0.071429,0
front=far|left=ideal|right=far|back=far,Sharp-Right-Turn,front=mid|left=ideal|right=far|back=far,0.285714,0
front=far|left=ideal|right=far|back=far,Sharp-Right-Turn,front=far|left=too_close|right=far|back=far,0.071429,0
front=far|left=ideal|right=far|back=far,Sharp-Right-Turn,front=far|left=ideal|right=mid|back=far,0.214286,0
front=far|left=ideal|right=far|back=far,Sharp-Right-Turn,front=far|left=ideal|right=far|back=far,0.285714,0
front=far|left=ideal|right=far|back=far,Slight-Left-Turn,front=mid|left=ideal|right=mid|back=far,0.071429,0
front=far|left=ideal|right=far|back=far,Slight-Left-Turn,front=mid|left=ideal|right=far|back=near,0.071429,0
front=far|left=ideal|right=far|back=far,Slight-Left-Turn,front=mid|left=ideal|right=far|back=far,0.285714,0
front=far|left=ideal|right=far|back=far,Slight-Left-Turn,front=far|left=too_close|right=far|back=far,0.071429,0
front=far|left=ideal|right=far|back=far,Slight-Left-Turn,front=far|left=ideal|right=mid|back=far,0.214286,0
front=far|left=ideal|right=far|back=far,Slight-Left-Turn,front=far|left=ideal|right=far|back=far,0.285714,0
front=far|left=far|right=near|back=near,Move-Forward,front=far|left=far|right=near|back=near,1.0,0
front=far|left=far|right=near|back=near,Slight-Right-Turn,front=far|left=far|right=near|back=near,1.0,0
front=far|left=far|right=near|back=near,Sharp-Right-Turn,front=far|left=far|right=near|back=near,1.0,0
front=far|left=far|right=near|back=near,Slight-Left-Turn,front=far|left=far|right=near|back=near,1.0,0
front=far|left=far|right=near|back=far,Move-Forward,front=far|left=far|right=near|back=far,1.0,0
front=far|left=far|right=near|back=far,Slight-Right-Turn,front=far|left=far|right=near|back=far,1.0,0
front=far|left=far|right=near|back=far,Sharp-Right-Turn,front=far|left=far|right=near|back=far,1.0,0
front=far|left=far|right=near|back=far,Slight-Left-Turn,front=far|left=far|right=near|back=far,1.0,0
front=far|left=far|right=mid|back=near,Move-Forward,front=near|left=ideal|right=mid|back=near,1.0,0
front=far|left=far|right=mid|back=near,Slight-Right-Turn,front=near|left=ideal|right=mid|back=near,1.0,0
front=far|left=far|right=mid|back=near,Sharp-Right-Turn,front=near|left=ideal|right=mid|back=near,1.0,0
front=far|left=far|right=mid|back=near,Slight-Left-Turn,front=near|left=ideal|right=mid|back=near,1.0,1
front=far|left=far|right=mid|back=far,Move-Forward,front=mid|left=ideal|right=mid|back=far,0.019802,0
front=far|left=far|right=mid|back=far,Move-Forward,front=mid|left=far|right=mid|back=far,0.009901,0
front=far|left=far|right=mid|back=far,Move-Forward,front=far|left=ideal|right=mid|back=far,0.019802,0
front=far|left=far|right=mid|back=far,Move-Forward,front=far|left=far|right=mid|back=far,0.910891,0
front=far|left=far|right=mid|back=far,Move-Forward,front=far|left=far|right=far|back=far,0.039604,0
front=far|left=far|right=mid|back=far,Slight-Right-Turn,front=mid|left=ideal|right=mid|back=far,0.019802,0
front=far|left=far|right=mid|back=far,Slight-Right-Turn,front=mid|left=far|right=mid|back=far,0.009901,0
front=far|left=far|right=mid|back=far,Slight-Right-Turn,front=far|left=ideal|right=mid|back=far,0.019802,0
front=far|left=far|right=mid|back=far,Slight-Right-Turn,front=far|left=far|right=mid|back=far,0.910891,0
front=far|left=far|right=mid|back=far,Slight-Right-Turn,front=far|left=far|right=far|back=far,0.039604,0
front=far|left=far|right=mid|back=far,Sharp-Right-Turn,front=mid|left=ideal|right=mid|back=far,0.019802,0
front=far|left=far|right=mid|back=far,Sharp-Right-Turn,front=mid|left=far|right=mid|back=far,0.009901,0
front=far|left=far|right=mid|back=far,Sharp-Right-Turn,front=far|left=ideal|right=mid|back=far,0.019802,0
front=far|left=far|right=mid|back=far,Sharp-Right-Turn,front=far|left=far|right=mid|back=far,0.910891,0
front=far|left=far|right=mid|back=far,Sharp-Right-Turn,front=far|left=far|right=far|back=far,0.039604,0
front=far|left=far|right=mid|back=far,Slight-Left-Turn,front=mid|left=ideal|right=mid|back=far,0.019802,2
front=far|left=far|right=mid|back=far,Slight-Left-Turn,front=mid|left=far|right=mid|back=far,0.009901,1
front=far|left=far|right=mid|back=far,Slight-Left-Turn,front=far|left=ideal|right=mid|back=far,0.019802,2
front=far|left=far|right=mid|back=far,Slight-Left-Turn,front=far|left=far|right=mid|back=far,0.910891,92
front=far|left=far|right=mid|back=far,Slight-Left-Turn,front=far|left=far|right=far|back=far,0.039604,4
front=far|left=far|right=far|back=near,Move-Forward,front=far|left=far|right=far|back=near,1.0,0
front=far|left=far|right=far|back=near,Slight-Right-Turn,front=far|left=far|right=far|back=near,1.0,0
front=far|left=far|right=far|back=near,Sharp-Right-Turn,front=far|left=far|right=far|back=near,1.0,0
front=far|left=far|right=far|back=near,Slight-Left-Turn,front=far|left=far|right=far|back=near,1.0,0
front=far|left=far|right=far|back=far,Move-Forward,front=far|left=far|right=mid|back=far,0.307692,0
front=far|left=far|right=far|back=far,Move-Forward,front=far|left=far|right=far|back=far,0.692308,0
front=far|left=far|right=far|back=far,Slight-Right-Turn,front=far|left=far|right=mid|back=far,0.307692,0
front=far|left=far|right=far|back=far,Slight-Right-Turn,front=far|left=far|right=far|back=far,0.692308,0
front=far|left=far|right=far|back=far,Sharp-Right-Turn,front=far|left=far|right=mid|back=far,0.307692,0
front=far|left=far|right=far|back=far,Sharp-Right-Turn,front=far|left=far|right=far|back=far,0.692308,0
front=far|left=far|right=far|back=far,Slight-Left-Turn,front=far|left=far|right=mid|back=far,0.307692,4
front=far|left=far|right=far|back=far,Slight-Left-Turn,front=far|left=far|right=far|back=far,0.692308,9
front=far|left=lost|right=near|back=near,Move-Forward,front=far|left=lost|right=near|back=near,1.0,0
front=far|left=lost|right=near|back=near,Slight-Right-Turn,front=far|left=lost|right=near|back=near,1.0,0
front=far|left=lost|right=near|back=near,Sharp-Right-Turn,front=far|left=lost|right=near|back=near,1.0,0
front=far|left=lost|right=near|back=near,Slight-Left-Turn,front=far|left=lost|right=near|back=near,1.0,0
front=far|left=lost|right=near|back=far,Move-Forward,front=far|left=lost|right=near|back=far,1.0,0
front=far|left=lost|right=near|back=far,Slight-Right-Turn,front=far|left=lost|right=near|back=far,1.0,0
front=far|left=lost|right=near|back=far,Sharp-Right-Turn,front=far|left=lost|right=near|back=far,1.0,0
front=far|left=lost|right=near|back=far,Slight-Left-Turn,front=far|left=lost|right=near|back=far,1.0,0
front=far|left=lost|right=mid|back=near,Move-Forward,front=far|left=lost|right=mid|back=near,1.0,0
front=far|left=lost|right=mid|back=near,Slight-Right-Turn,front=far|left=lost|right=mid|back=near,1.0,0
front=far|left=lost|right=mid|back=near,Sharp-Right-Turn,front=far|left=lost|right=mid|back=near,1.0,0
front=far|left=lost|right=mid|back=near,Slight-Left-Turn,front=far|left=lost|right=mid|back=near,1.0,0
front=far|left=lost|right=mid|back=far,Move-Forward,front=far|left=ideal|right=mid|back=far,1.0,0
front=far|left=lost|right=mid|back=far,Slight-Right-Turn,front=far|left=ideal|right=mid|back=far,1.0,0
front=far|left=lost|right=mid|back=far,Sharp-Right-Turn,front=far|left=ideal|right=mid|back=far,1.0,0
front=far|left=lost|right=mid|back=far,Slight-Left-Turn,front=far|left=ideal|right=mid|back=far,1.0,1
front=far|left=lost|right=far|back=near,Move-Forward,front=far|left=lost|right=far|back=near,1.0,0
front=far|left=lost|right=far|back=near,Slight-Right-Turn,front=far|left=lost|right=far|back=near,1.0,0
front=far|left=lost|right=far|back=near,Sharp-Right-Turn,front=far|left=lost|right=far|back=near,1.0,0
front=far|left=lost|right=far|back=near,Slight-Left-Turn,front=far|left=lost|right=far|back=near,1.0,0
front=far|left=lost|right=far|back=far,Move-Forward,front=far|left=lost|right=far|back=far,1.0,0
front=far|left=lost|right=far|back=far,Slight-Right-Turn,front=far|left=lost|right=far|back=far,1.0,0
front=far|left=lost|right=far|back=far,Sharp-Right-Turn,front=far|left=lost|right=far|back=far,1.0,0
front=far|left=lost|right=far|back=far,Slight-Left-Turn,front=far|left=lost|right=far|back=far,1.0,0
